"रवींद्र,दाणी"
उजळंबकर
"श्री,उजळंबकर"
"गंगावती,कुलकर्णी"
"कृ,मु,उजळंबकर"
"कृ,मु,उजळंबकर"
"कृ,मु,उजळंबकर"
"कृ,मु,उजळंबकर"
"कृ,मु,उजळंबकर"
"कृ,मु,उजळंबकर"
"कृ,मु,उजळंबकर"
"कृ,मु,उजळंबकर"
"गंगावती,कुलकर्णी"
"जे,कृष्णमूर्ती"
"जे,कृष्णमूर्ती"
"जे,कृष्णमूर्ती"
"मोहन,जोशी"
भिशीकर
"डॉ,वांगीकर"
"वा,ल,जैतापकर"
"रोहिणी,चितळे"
"डॉ,सत्यशील"
स्वामी
"प्रो,जी,एम,कार्लेकर"
"स्वामी,विरानंद"
"कृ,मु,उजळंबकर"
इतर
"डॉ,दास्ताने"
"सौ,आगासे"
"प्रा,संजीव,नलावडे"
"सुधीर,र,चौधरी"
"सुधाकर,काळे"
"डॉ,प्रभा,अत्रे"
"अरुण,हरकरे"
"आशा,परुळेकर"
"जयंत,रानडे"
"डॉ,दास्ताने"
"प्रा,मोहन,आपटे"
"प्रसाद,केरकर"
"प्रा,जोशी"
"डॉ,सबनीस"
"अरुण,ढेरे"
"डॉ,उल्हास,कोल्हटकर"
"संजीव,नलावडे"
"संजीव,नळावडे"
"डॉ,संतोष,दास्ताने"
शिरीष
हळदणकर
"गंगाधर,महाम्बरे"
"डॉ,श्रीराम,कामात"
"वनराज,साळवी"
"एन,डी,कांबळे"
"आर,डी,सोनार"
"रामदास,पाध्ये"
"श्रीराम,रानडे"
"वा,ज्यो,देशपांडे"
"ग,प्र,परांजपे"
"सु,ह,जोशी"
"सु,ह,जोशी"
"सौ,शशिकला,उपाध्ये"
"कृ,पं,देशपांडे"
"सौ,मेधा,सिधये"
"म,वि,सोवनी"
"सौ,अंजली,पेंडसे"
"प्र,के,घाणेकर"
"प्र,के,घाणेकर"
"पंडित,विद्यासागार"
"प्रा,रवींद्र,कोठावदे"
"दि,गो,वारवास्कर"
"अ,दि,कोकड"
"अ,दि,कोकड"
"सुनिल,अंबिके"
इतर
"बी,टी,कुलकर्णी"
संपादक
संपादक
"गौतम,शिंदे"
"डॉ,विद्या,देवधरं"
"डॉ,दादा,गोरे"
"संक,दत्ता,देसाई"
संपादक
"डॉ,अशोक,चौसाळकर"
संपादक
संपादक
संपादक
"सुधाकर,व,सौ,वर्षा,प्रभु"
"रा,दा,करमरकर"
"आ,ग,कुलकर्णी"
"मोहन,सराफ"
"प्रा,श्री,वि,खेर"
"श्याम,भुर्के"
"प्रभाकर,दिघे"
"संग्रा,गो,सी,गोखरे"
"संग्रा,गो,सी,गोखरे"
"संग्रा,गो,सी,गोखरे"
"संग्रा,गो,सी,गोरखरे"
"संग्रा,गो,सी,गोरखरे"
"सचिन,कानिटकर"
"दिपक,भागवत"
"जयंत,रानडे"
"केशव,रा,फडणीस"
"प्र,के,अत्रे"
"वसंत,विष्णु,लोणकर"
"अनु,रंगा,मराठे"
"माधव,गडकरी"
"व्यंकटेश,माडगूळकर"
"अनु,गो,नी,पुरंदरे"
"संपादक,पवार"
"मनोहर,पानसरे"
संपादक
"म,वि,सोवनी"
"श्री,यशवंतराव,चव्हाण"
"शब्दां,वारघडे"
"शब्दां,वारघडे"
"शब्दां,वारघडे"
सुरेशचंद्र
"पु,ला,देशपांडे"
"शरदचंद्र,गोखले"
"पु,ल,देशपांडे"
"ग,वि,केतकर"
संपादक
"स्वामी,विवेकानंद"
"वि,आ,बुवा"
संपादक
"सौ,मनिषा,राजेंद्र"
"प्रा,आगाशे"
संपादक
"नीलकंठ,खाडीलकर"
संपादक
"पांडुरंग,काळे"
"प्रा,स्वाती,कर्वे"
"सुभाष,भेण्डे"
"खुशवंत,सिंग"
"डॉ,सुमति,कुलकर्णी"
"प्रतिभा,काळे"
"ज,ग,जाधव"
"संक,बाळासाहेब,बाबर"
"राम,कुलकर्णी"
"श्री,माधव,पंडित"
"नंदकुमार,टेणी"
"ज्ञानेश,महाराव"
"अरुण,टिकेकर"
"आर,जी,पारगावकर"
"अनंत,भावे"
शिरीष
"प्रा,पी,एस,चंगोळे"
"ताराबाई,शिंदे"
संपादक
"डॉ,सुलभा,ब्रह्मे"
"अविनाश,बिनीवाले"
"मिखाईल,गोबाचेव्ह"
संपादक
"वयंकटेश,माडगूळकर"
"अनु,ह,अ,भावे"
"वसंत,शां,देसाई"
संपादक
"भाई,अमरसिंग"
संपादक
संपादक
संपादक
संपादक
संपादक
संपादक
संपादक
"एस,एल,गुलाटी"
संपादक
संपादक
संपादक
संपादक
संपादक
संपादक
"डेव्ह,अँड,ड्यूक"
"डॉ,विश्वास,मेहेंदळे"
"आदी,कोकड"
"अ,दि,कोकड"
"अ,दि,कोकड"
"अ,दि,कोकड"
"अ,दि,कोकड"
"अ,दि,कोकड"
"हेमचंद्र,राजे"
"र,का,सावंत"
"सचिन,शहा"
"सचिन,शहा"
"अ,दि,कोकड"
"अ,दि,कोकडं"
"अ,दि,कोकडं"
"अ,दि,कोकड"
"अ,दि,कोकड"
"अ,दि,कोकड"
"अ,दि,कोकड"
"अ,दि,कोकड"
"द,गो,मांदळे"
"मुकुंद,टेकाडे"
"राजा,मंगळवेढेकर"
"सौ,नीलम,माणगावे"
"चंद्रशेखर,धर्माधिकारी"
"वि,वा,शिरवाडकर"
"अरुण,सारथी"
"आनंद,केळकर"
"दवणे,प्रवीण"
"मधू,पोतदार"
"प्र,के,अत्रे"
"व,दे,गवाणकर"
"आबासाहेब,आचरेकर"
"अनु,अरविंद,लेले"
"विजय,कुवळेकर"
"व,पु,काळे"
"डॉ,प्रभाकर,चौधरी"
"शंकर,सारडा"
"आणा,डांगे"
"इंदिरा,संत"
"माधव,गडकरी"
"माधव,गडकरी"
"गंगाधर,इंदूरकर"
"डॉ,सुधीर,राशिंगकर"
"अनु,करुणा,गोखले"
"अंजली,पेंडसे"
"शिरीष,पै"
"अविनाश,धर्माधिकारी"
"श्री,ना,पेंडसे"
"विजय,तेंडुलकर"
"पां,भा,डिंगरे"
"रवींद्र,पिंगे"
"माधव,गोडबोले"
"माधव,गडकरी"
"कुसुम,कानेटकर"
"राम,शेवाळकर"
"माधव,गडकरी"
"माधव,गडकरी"
"डॉ,जया,सागडे"
"डॉ,उल्हास,तुळपुळे"
"संतोष,दास्ताने"
"डॉ,जयंत,नारळीकर"
"लता,राजे"
"दिलीप,पारेख"
"अप्पा,पटवर्धन"
"मी,त्र्यं,सप्तर्षी"
"भाऊ,धर्माधिकारी"
"हा,भा,वाघोळीकर"
"श्री,ब,चाफेकर"
"सुषमा,जोशी"
"नंदकुमार,कुळथे"
"अनंत,जोशी"
"आर,एन,गुळाटि"
"विधा,बापट"
"सुधा,भिडे"
"प्रकाश,जोगळेकर"
"विलास,खोळे"
"श्याम,मराठे"
"सुधा,भिडे"
"डॉ,वि,य,कुलकर्णी"
"मधुसूदन,घाणेकर"
"बाळ,गाडगीळ"
"विजया,राजाध्यक्ष"
"वि,शं,पारगावकर"
"डॉ,किशोरी,पै"
"गंगादर,गाडगीळ"
"गंगाधर,महाम्बरे"
"डॉ,लीला,पाटील"
"विजया,वाड"
"श्रीराम,गीत"
"अनु,मीना,टाकथाकार"
"राम,शेवाळकर"
"राजा,राजवाडे"
"गोविंद,शं,बापट"
"शांता,ज,शेळके"
"श्याम,मराठे"
"वि,गो,भागवत"
"रवींद्र,पिंगे"
"प्रवीण,दवणे"
"शैलजा,भेद"
"गोविंद,तळवळकर"
"मारुती,चित्तमपल्ली"
"आशा,परुळेकर"
"प्रल्हाद,केशव,अत्रे"
"शंकरराव,खरात"
"शिवाजी,सावंत"
"शांता,ज,शेळके"
"शुभांगी,सूर्यवंशी"
संपादक
संपादक
"विश्वास,मेहेंदळे"
"डॉ,प्र,चिं,शेजवळकर"
"छाया,गोडबोले"
"यशवंत,स,दातार"
"जनार्दन,करंदीकर"
संपादक
"क्षमा,वा,कुलकर्णी"
"प्रा,रा,सो,सराफ"
"व,पु,काळे"
"राजेंद्र,मंत्री"
"शंकर,सारडा"
"शंकर,सारडा"
"डॉ,शशिकांत,देशपांडे"
"व,पु,काळे"
"शऱू,रांगणेकर"
"बापू,वाटवे"
"फुले,गुरूजी"
"ज्ञानेश,महाराव"
संपादक
"डॉ,अनिल,जगदाळे"
"श्री,के,पी,भागवत"
"अविनाश,धर्माधिकारी"
"दिलीप,प्रभोळकर"
"राम,शेवाळकर"
"डॉ,बाबासाहेब,आंबेडकर"
"गंगाधर,महाम्बरे"
"डॉ,अरुणा,कौलगुड"
"गंगाधर,महाम्बरे"
"संपा,विदुला,पटवर्धन"
"अनु,मीना,किणीकर"
"भारती,पांडे"
"मृणालिनी,गडकरी"
"प्रा,दि,श्री,कांबळे"
"अ,कृ,देशपांडे"
संपादक
"अनु,माधव,मोर्डेकर"
संपादक
"आनंद,यादव"
"अनु,ज्ञानदा,नाईक"
"चंद्रहास,जोशी"
"डॉ,माधवराव,शिवणेकर"
"अनु,मृणालिनी,गडकरी"
"अरुण,शेवाळे"
"पु,रा,बेहरे"
"डॉ,रमा,मराठे"
"व,पु,काळे"
"य,दि,फडके"
"जयंत,नारळीकर"
"शिवाजी,सावंत"
"मनोहर,चंपानेरकर"
"सौ,विजया,खलगांवकर"
संपादक
"एन,डी,आपटे"
"एन,डी,आपटे"
"शुभांगी,सूर्यवंशी"
"रवींद्र,देसाई"
संपादक
संपादक
संपादक
संपादक
"कमल,पाध्ये"
"डॉ,एम,लक्ष्मीकुमारी"
संपादक
"अनु,सुधाकर,सी,वाकणकर"
हेमाग्रज
"वसंत,मून"
"पु,ल,देशपांडे"
"अनंतराव,आठवले"
"संपा,अनंत,ग,देवकुळे"
"बाबासाहेब,पुरंदरे"
"सुधा,माने"
"द,पा,खांबेटे"
"ह,अ,भावे"
"ह,अ,भावे"
"ह,अ,भावे"
"ह,अ,भावे"
"ह,अ,भावे"
"ह,अ,भावे"
"ह,अ,भावे"
"ह,अ,भावे"
"ह,अ,भावे"
"ह,अ,भावे"
"ह,अ,भावे"
"ह,अ,भावे"
"प्रा,मधुकर,दिघे"
विनोबा
"त्रिंबक,ना,अत्रे"
"प्रा,वा,शि,आपटे"
"डॉ,किशोरी,पै"
"रोहिणी,चितळे"
"अनिता,राजगुरू"
"वनराज,माळवी"
"प्रकाश,कोळवणकर"
"प्रदीप,कर्णिक"
"चंद्रहास,जोशी"
"राजकुमार,रायवाडीकर"
"प्रतिभा,काळे"
"दिलीप,प्रभावळकर"
"आशा,परुळेकर"
"वृदा,लिमये"
"अशा,परुळेकर"
"सुरेश,वांदिले"
"सुधाकर,देशपांडे"
"श्री,म,माटे"
"वनराज,मढवी"
"अरविंद,खळदकर"
"डॉ,प्र,न,जोशी"
"गोदावरी,परुळेकर"
"डॉ,लीला,गोविळकर"
"आशा,परुळेकर"
संपादक
"जे,कृष्णमूर्ती"
"श्याम,मानव"
"अशा,परुळेकर"
"य,दि,फडके"
"निर्मल,कुमार,फडकुले"
"य,दि,फडके"
"त्रं,वि,सरदेशमुख"
"प्र,के,अत्रे"
संपादक
"सौ,सुमती,खारकर"
संपादक
"अ,म,भिडे"
"नामदेव,ढसाळ"
"सतीश,पोरे"
"ज,श्री,टिळक"
संपादक
"सुकृत,खांडेकर"
"ज,श्री,टिळक"
"वि,स,सहस्त्रबुद्धे"
"ज,श्री,टिळक"
"श्रीनिवास,ब,बेळवी"
"ज,श्री,टिळक"
"संपा,इंदू,टिळक"
"संपा,इंदू,टिळक"
ओशो
ओशो
ओशो
ओशो
ओशो
ओशो
ओशो
ओशो
"स्वामी,विवेकानंद"
संपादक
"डॉ,म,अ,मेहेंदळे"
संपादक
"संपा,विनायक,राजगुरू"
ओशो
ओशो
ओशो
ओशो
ओशो
ओशो
ओशो
ओशो
ओशो
ओशो
ओशो
ओशो
ओशो
ओशो
ओशो
ओशो
ओशो
ओशो
ओशो
ओशो
ओशो
ओशो
ओशो
ओशो
ओशो
ओशो
ओशो
ओशो
ओशो
ओशो
ओशो
ओशो
ओशो
ओशो
ओशो
ओशो
ओशो
ओशो
ओशो
ओशो
ओशो
ओशो
ओशो
ओशो
ओशो
ओशो
ओशो
ओशो
ओशो
ओशो
ओशो
ओशो
ओशो
ओशो
ओशो
ओशो
ओशो
ओशो
ओशो
ओशो
ओशो
ओशो
ओशो
ओशो
ओशो
ओशो
ओशो
ओशो
ओशो
ओशो
"स्वामी,विवेकानंद"
"अ,वि,दास"
"शैलजा,ग्रव"
संपादक
संपादक
"स्वामी,विवेकानंद"
"अ‍ॅड,माधव,सराफ"
"प्रशांत,शिंदे"
"रवींद्र,पिंगे"
"सुजाता,गानु"
"स्वामी,विवेकानंद"
"वि,शं,बेनोडेकर"
"दु,आ,तिवारी"
"अनंत,वा,मराठे"
"स्वामी,विवेकानंद"
"विष्णू,वा,जोशी"
"शं,वा,देशपांडे"
"महात्मा,गांधी"
संपादक
"श,ग,अकोलकर"
"प्रा,वि,पां,बोकील"
संपादक
"विनोबा,भावे"
संपादक
"ना,बा,गोखले"
संपादक
"प्रा,मोतिराज,राठोड"
"डॉ,बाबासाहेब,आंबेडकर"
"डॉ,सुलभा,ब्रह्मे"
"शाहिद,भगतसिंग"
"गोविंद,पानसरे"
"गणपत,ना,हंबीर"
"वामन,भा,पाठक"
"स,अं,डांगे"
"जे,कृष्णमूर्ती"
"प्रशांत,शिंदे"
"विनोबा,भावे"
"रमेश,पटवर्धन"
"दत्ता,देसाई"
"करुणा,गोखले"
"वि,द,कदम"
"ग,म,सोहोनी"
"विनायक,लिमये"
"के,ज,पुरोहित"
संपादक
"शारदा,अ,राजेशिर्के"
"सुधीर,रसाळ"
"जे,के,जाधव"
"प्रवीण,दवणे"
"ज्ञानेश,महाराव"
"वामन,देशपांडे"
"वि,बा,सावंत"
"विजय,गोळेसर"
"डॉ,शां,ब,मुजुमदार"
"शरद,गोपाळ,बेडेकर"
"रमेश,पुंडलिक,महाराज"
"श्रीधर,नार्वेकर"
"दत्ता,जी,कुलकर्णी"
"स,ह,जोशी"
"बाळ,गाडगीळ"
"सुधीर,जोशी"
"वामन,देशपांडे"
"राम,प्रधान"
"सविता,भावे"
"मुबारक,हुसेन,मनियार"
"मुबारक,हुसेन,मनियार"
"मौ,इन,आमूरहमान,खान"
"मौ,इन,आमूर,रेहमान,खान"
"मौ,इन,आमूर,रेहमान,खान"
"सय्यद,अबुल,अलामौदी"
"सय्यद,अबुल,अलामौदी"
"सय्यद,अबुल,अलामौदी"
"सय्यद,अबुल,अलामौदी"
"सय्यद,अबुल,अलामौदी"
"ना,सि,फडके"
"ना,सि,फडके"
"ना,सि,फडके"
"सदानंद,नाईक"
"प्रशांत,शिंदे"
"प्रा,बलराम,शेवाळकर"
"भालचंद्र,साठे"
"सुनीता,देशपांडे"
"डॉ,वैजयंती,खानविलकर"
"श्रीकांत,सिनकर"
"स,ह,जोशी"
"शैलजा,ग्रब"
"दिलीप,प्रभावळकर"
"डॉ,श्रीधर,गार्वेकर"
"डॉ,श्रीनिवास,कशाळीकर"
"डॉ,राजेंद्र,बर्वे"
"रमेश,रघुवंशी"
"उल्हास,राजज्ञ"
"उल्हास,राजज्ञ"
"ल,ना,मराठे"
"शिवाजी,सावंत"
"देवेंद्र,प्रभाकर,रण,भरे"
"सौ,भारती,रेवडकर"
"डॉ,राम,कुलकर्णी"
"रवींद्र,पिंगे"
"प्रा,आफळे,रा,रा"
"डॉ,रत्नाकर,महाजन"
"डॉ,प्रा,विश्वनाथ,शिंदे"
संपादक
"जयंत,रानडे"
"लीला,आवटे"
"शिवशंकर,त्र्यं,पटवारी"
"प्रभाकर,पवार"
"सौ,श्रद्धा,कळवंटे"
"संजय,नहार"
"सुरेशचंद्र,पाध्ये"
"आर,के,लक्ष्मण"
"खुशवंत,सिंग"
"बबन,नाखले"
"बलराज,पुरी"
"गिरीश,कुबेर"
"डॉ,सुब्रमण्यम,स्वामी"
"बाळ,गाडगीळ"
"निंबराज,जाधव"
"स्वामी,विवेकानंद"
"स्वामी,विवेकानंद"
"अंजली,पेंडसे"
"पां,दा,चौधरी"
"केशव,बा,वसेकर"
"वासंती,मुजुमदार"
"जयंत,रानडे"
"रामकृष्ण,जांभेकर"
"मारुती,चितमपल्ली"
"रमेश,सोनावणे"
"नरेंद्र,दाभोलकर"
"महेश,घाटपांडे"
"बाबासाहेब,आंबेडकर"
"जयंत,नारळीकर"
"शेषराव,मोरे"
"बबन,नखले"
"सुजाता,गानू,टिकेकर"
"राम,शेवाळकर"
"अशोक,टिकेकर"
"द्वारकानाथ,संझगिरी"
"व,पु,काळे"
"सुजाता,गानू,टिकेकर"
"शांता,ज,शेळके"
"लक्ष्मण,लोंढे"
"अच्युत,गोडबोले"
"डॉ,प्रकाश,परांजपे"
"शी,द,फडणीस"
"मिलिंद,ओक"
"वि,वा,शिरवाडकर"
"श्रीराम,ग,पचिंद्रे"
"रमेश,सहस्रबुद्धे"
"प्रभावती,पूरम"
"बाळ,ज,पंडित"
"मारुती,चितमपल्ली"
"चंद्रशेखर,जोशी"
"सुधीर,गाडगीळ"
"श्री,वा,काळे"
"रा,रा,जांभेकर"
"संजय,नाईक"
"राम,शेवाळकर"
"डॉ,सौ,नीलिमा,निशानदार"
"अनंत,वि,गाडगीळ"
"विनायक,दा,सावरकर"
"ज,द,जोगळेकर"
"वि,वा,शिरवाडकर"
"सुभाष,भेण्डे"
"वसंत,कानेटकर"
"जिजाराम,चव्हाण"
"डॉ,नागनाथ,हेंगे"
"निरंजन,घाटे"
"केशव,रा,फडणीस"
"ग,दि,माडगूळकर"
"सुनीता,देशपांडे"
"डॉ,आ,ह,साळुंखे"
"शिव,खेरा"
"ह,मो,मराठे"
"मिलिंद,बोकील"
"डॉ,स्पेन्सर,जॉन्सन"
"श्रीपाद,जोशी"
"श्याम,तळवडेकर"
"अनिल,अवचट"
"चंद्रशेखर,मुरगुडकर"
"वनराज,मालवी"
"नैना,गुप्ता"
संपादक
संपादक
"गुरु,डिंग,ले,मी"
"डॉ,अ,रा,तोरो"
"श्यामल,राव"
"सतीश,सोळांकु,रकर"
"आर,पी,नाडकर्णी"
"आनंद,घोरपडे"
"दिलीप,प्रभावळकर"
"पु,ल,देशपांडे"
"मनोहर,सप्रे"
"जयप्रकाश,नारायण"
"प्रा,शिवाजीराव,भोसले"
"व,पु,काळे"
"प्रल्हाद,केशव,अत्रे"
"प्रल्हाद,केशव,अत्रे"
"प्रल्हाद,केशव,अत्रे"
"अनिल,अवचट"
"अरविंद,वि,पाटील"
"वनश्री,वि,तुळजापूरकर"
"वनश्री,वि,तुळजापूरकर"
"विनायक,पाटील"
"गोविंद,तळवलकर"
"खुशवंत,सिंग"
विवेक
"नीलकंठ,खाडिलकर"
संपादक
"नारायणदत्त,त्रिपाठी"
संपादक
"चिंतामण,सदाशिव,वझे"
"चिंतामण,सदाशिव,वझे"
"सुरेश,मधुरे"
"नारायण,हरी,आपटे"
"व,शं,जोशी"
"शिवराय,तेलंग"
देसाई
"बिंदुमाधव,जोशी"
"ग,वा,बेहेरे"
"विजय,रणदिवे"
"मनोहर,नाईक"
"मधुकर,दिघे"
"प्रा,मधुकर,दिघे"
"प्रा,मधुकर,दिघे"
"सुजाता,गानू,टिकेकर"
"नागनाथ,काळे"
"डॉ,यशवंत,साधू"
"प्रमोद,नवलकर"
"संपादक,अरुण,शेवते"
"शं,ना,नवरे"
"विश्वास,वसेकर"
"पु,ल,देशपांडे"
"डॉ,लीना,मोहाडीकर"
"निरंजन,घाटे"
"अशोक,जैन"
"नीलम,गोऱ्हे"
"सौ,विद्या,सुहास,जोशी"
"प्रवीण,दवणे"
"प्रवीण,दवणे"
"अरुण,टिकेकर"
"डॉ,श्रीपाल,सबनीस"
"मंगला,बर्वे"
"नीना,कुलकर्णी"
"प्रतिभा,रानडे"
"सौ,अनुराधा,दूरशि"
"गोपाळ,गोडसे"
"डॉ,राम,कुलकर्णी"
"व्ही,पी,कामतकर"
"पु,ग,वैद्य"
"शांता,ज,शेळके"
"डॉ,विठ्ठल,प्रभू"
"डॉ,वा,वा,भागवत"
"महेंद्र,देव"
"प्रा,व,बा,बोधे"
"बाळ,सामंत"
"विलास,पाटील"
"विजया,जोशी"
"हेमंत,कुलकर्णी"
"अरुणा,ढेरे"
"अरुणा,ढेरे"
"शिरीष,कणेकर"
"शिरीष,कणेकर"
"शशिकांत,बाकरे"
"विजया,दिघे"
"एम,बी,गोखले"
"के,सागर"
"प्रा,डी,एन,झा"
"के,सागर,डोईफोडे"
"प्रा,र,ना,गायधनी"
"प्रा,घांगरेकर"
"के,सागर"
"प्रा,गजानन,भिडे"
"प्रा,एल,बी,हरोलीकर"
"के,सागर"
"के,सागर"
"के,सागर"
"के,सागर"
"प्रा,अशोक,डांगे"
संपादक
"पन्नालाल,सुराणा"
"स,मा,गर्गे"
"के,सागर"
"के,सागर"
"के,सागर"
"डॉ,माजिद,हुसेन"
"डॉ,सौ,प्रतिभा,ठिपसे"
"सुमेषा,लेले"
"के,सागर"
"प्रा,एच,के,डोईफोडे"
"प्रा,विलास,पाटील"
"डॉ,व्ही,जी,नांदेडकर"
"व्ही,बी,पाटील"
"के,सागर"
"के,सागर"
बिपीनचंद्र
"सौ,कविता,भालेराव"
"के,सागर"
"प्रा,अशोक,कोंडेकर"
"डॉ,प्रदीप,आगाशे"
"के,सागर"
"एच,के,डोईफोडे"
घांगरेकर
"के,विद्यासागार"
"के,सागर"
"के,सागर"
"के,सागर"
"के,सागर"
"के,सागर"
"के,सागर"
"के,सागर"
"विजय,नाईक"
"वि,ना,बाचल"
"प्र,न,जोशी"
"के,सागर"
"स,मा,गर्गे"
"के,सागर"
"के,सागर"
"यू,म,पठाण"
"के,सागर"
"के,सागर"
"के,सागर"
"के,सागर"
"के,सागर"
"के,सागर"
"के,सागर"
"के,सागर"
"के,सागर"
"ग,ळ,भिडे"
"स्वामी,विवेकानंद"
"विजय,तेंडुलकर"
"डॉ,रमेश,पोतदार"
"गो,मो,गोळे"
"पं,दीनदयाळ,उपाध्याय"
कूटभास्कर
"द्वारकानाथ,रा,तर्खडकर"
"श्री,बिंदुमाधव,जोशी"
"बाळकृष्ण,बर्वे"
"वा,ना,दांडेकर"
"गोवर्धन,आ,भोसले"
"दिनकरराव,जवळकर"
"डॉ,आर,आर,बाटलीवाला"
"कृष्णाबाई,मोटे"
"सुनील,महाजन"
"पं,का,शि,संकाये"
"संजय,रा,देशकर"
"जयश्री,शंकरन"
"प्रा,डॉ,शरद,कळणावते"
"राजेश,राजोरे"
"मधुवंती,सप्रे"
"रजनी,हिरळीकर"
"रं,म,जोशी"
"शा,श्री,गवळी"
"सौ,विमल,काळे"
"भास्कर,चंदनशिव"
"सौ,चारुलता,जुनानकर"
"डॉ,भिरदेव,गायकवाड"
"ललिता,गाढगे"
"प्र,ग,सहस्रबुद्धे"
"अरुण,पांढरीपांडे"
"अशोक,उजळंबकर"
"सुभाष,भेण्डे"
"डॉ,कुमार,सप्तर्षी"
"प्रवीण,दवणे"
"प्रवीण,दवणे"
"प्रा,वीणा,मोहोड"
"श्री,भा,महाबळ"
"य,ना,वालावलकर"
"श्याम,माने"
"श्याम,माने"
"मारुती,चित्तमपल्ली"
"युवराज,पाटील"
"शांता,शेळके"
"अरुण,बेलसरे"
"डॉ,संपतराव,जाधव"
"अरुणा,ढेरे"
"ललिता,गादगे"
"माधवी,देसाई"
"उत्तम,कांबळे"
"अंजली,कीर्तने"
"प्रताप,सी,श्री,पाटील"
"भास्कर,चंदनशिव"
"डॉ,भगवान,कोठेकर"
"अनु,अमृत,देशमुख"
"प्रवीण,दवणे"
"दिलीप,ठाकूर"
"मीना,देशपांडे"
"विकास,वाळुंजकर"
"डॉ,गंगाधर,पानतावणे"
"मंगला,श्री,गोखले"
"उदाजीराव,चव्हाण"
"डॉ,यू,म,पठाण"
"निलेश,मदाने"
"नीलिमा,बोरवणकर"
"व,पु,काळे"
"लक्ष्मण,लोंढे"
"वि,आ,बुवा"
"डॉ,शरणकुमार,लिंबाळे"
"सुजाता,गानू,टिकेकर"
"सुजाता,गानू,टिकेकर"
"प्रशांत,शिंदे"
"श्रावण,ना,जरांगे"
"आचार्य,विजय,रत्नसुंदर"
"यशवंत,पाध्ये"
"बाळ,सामंत"
"डॉ,तेजस्विनी,वाडेकर"
"पु,भा,भावे"
"चित्राताई,जोशी"
"ह,अ,भावे"
"सुलोचना,मराठे"
"रघुनाथ,लोणकर"
"कमल,लेले"
"वैशाली,चिटणीस"
"निर्मलकुमार,फडकुळे"
"अनिल,अवचट"
संपादक
"हीराभाई,ठाकुर"
"त्र्यं,वि,सरदेशमुख"
"साने,गुरूजी"
"साने,गुरूजी"
"वासुदेव,चोरघडे"
"श्री,सुरेश,भोसले"
"निर्मलकुमार,फडकुले"
"द्वारकानाथ,संझगिरी"
संपादक
"करुणा,गोखले"
"गंगाधर,महाम्बरे"
"मोहन,वैद्य"
"मुकुंद,अनगळ"
"प्रदीप,कर्णिक"
"रवी,जवळगेकर"
अकलूजकर
"रवींद्र,पिंगे"
"प्रा,राम,बिवलकर"
"विजय,तेंडुलकर"
"नरहर,कुरुंदकर"
"उमेश,कणकवलीकर"
"उमेश,कणकवलीकर"
"शिवराज,गोर्ले"
"शिव,खेरा"
"प्रल्हाद,केशव,अत्रे"
"प्रल्हाद,केशव,अत्रे"
"प्रल्हाद,केशव,अत्रे"
"मंगला,गोडबोले"
"मंगला,गोडबोले"
"मंगला,गोडबोले"
"मंगला,गोडबोले"
"प्रवीण,दवणे"
"प्रवीण,दवणे"
"प्रवीण,दवणे"
"प्रवीण,दवणे"
"शिरीष,कणेकर"
"शिरीष,कणेकर"
"शिरीष,कणेकर"
"वि,वा,शिरवाडकर"
"सौ,विद्या,जुमडे"
"बाबू,मोशाय"
"अभय,परांजपे"
"मंगला,मराठे"
"सौ,सुवर्णा,दिवेकर"
"डॉ,सौ,अनुराधा,वऱ्हाडे"
"डॉ,पंडित,आवळीकर"
"निंबराज,जाधव"
"अरुण,शेवते"
"राजा,लिमये"
"डॉ,ह,वि,सरदेसाई"
"शंकर,सारडा"
"डॉ,राजन,भोसले"
"बी,एन,टंडन"
"सुधामूर्ती,लिना,सोहोनी"
"सुधामूर्ती,लिना,सोहोनी"
"जे,के,जाधव"
"बाळ,सडवेलकर"
"बाळ,सडवेलकर"
"सुहास,शिरवळकर"
"भालचंद्र,नेमाडे"
"वसंत,कानेटकर"
"डॉ,प्रभाकर,चौधरी"
"प्रताप,मुळीक"
"रविंद्र,पाटकर"
"के,सागर"
"श्रीकांत,क्षीरसागर"
"के,सागर"
"मा,कृ,पारधी"
"डॉ,व,तु,देशपांडे"
"के,सागर"
"व्ही,बी,पाटील"
"व्ही,बी,पाटील"
"प्रा,ज्ञा,आ,लोळे"
"प्रा,र,हा,वराडकर"
"डॉ,व्ही,जी,नांदेडकर"
"प्रा,निशा,भंडारी"
"के,सागर"
"के,सागर"
"के,सागर"
"प्रा,व्ही,बी,पाटील"
"प्रा,डोईफोडे"
"ए,व्ही,भागवत"
"डॉ,प्रमोद,जोगळेकर"
"डॉ,लीला,गोविलकर"
"के,सागर"
"प्रा,के,खतीब"
"के,सागर"
"प्रा,कविता,भालेराव"
"के,सागर"
"श्रीकांत,क्षीरसागर"
"के,सागर"
"के,सागर"
"के,सागर"
"के,सागर"
"के,सागर"
"के,सागर"
"के,सागर"
"के,सागर"
"के,सागर"
"एम,व्ही,काळे"
"के,सागर"
"सी,पि,विभुते"
"डॉ,सी,पी,विभुते"
"डॉ,सी,पी,विभुते"
"मा,कृ,पारधी"
"प्रा,राम,शेवाळकर"
"प्रा,भास्कर,कुलकर्णी"
"रवींद्र,पिगे"
"संजय,राऊत"
"प्रवीण,दवणे"
"निरंजन,घाटे"
"मधु,दंडवते"
"डॉ,जयंत,आठवले"
"डॉ,जयंत,आठवले"
"डॉ,जयंत,आठवले"
"डॉ,जयंत,आठवले"
"डॉ,जयंत,आठवले"
"डॉ,जयंत,आठवले"
"डॉ,जयंत,आठवले"
"डॉ,जयंत,आठवले"
"डॉ,नितीन,सहकारी"
"डॉ,जॅन,आठवले"
"रा,दा,करमरकर"
"डॉ,रवि,चोप्रा"
"अरुण,गोडबोले"
"प्रा,देसाई,प्रा,लिमये"
"डॉ,रघुनाथ,पु,कुलकर्णी"
सवाईकर
संपादक
"व्यंकटेश,माडगूळकर"
"अशोक,जैन"
"धनंजय,मा,भोरकर"
"प्रा,सुहासकुमार,बोबडे"
"डी,एम,कुलकर्णी"
"डॉ,विठ्ठल,प्रभू"
"शिवराज,गोर्ले"
"अरुण,साधु"
"वि,गो,भागवत"
"रमेश,के,महाले"
"डॉ,अश्विनी,धोंगडे"
"अविनाश,आहेर"
"सुहास,शिरवळकर"
"सुहास,शिरवळकर"
"दिलीप,ठाकूर"
"दिलीप,ठाकूर"
"प्रवीण,दवणे"
"प्रवीण,दवणे"
"राम,शेवाळकर"
"राम,शेवाळकर"
"राजकुमार,हंचाटे"
"सरश्री,तेजपररवीजी"
"आर,डी,तेलंग"
"अरुण,शेवते"
"शिवाजीराव,भोसले"
"शिवाजीराव,भोसले"
"शिरीष,कणेकर"
"शिवराज,गोर्ले"
"रत्नाकर,मतकरी"
"गो,नि,दांडेकर"
"प्रा,डी,एम,कुलकर्णी"
"डॉ,विठठल,प्रभू"
"दिलीप,ठाकूर"
"डॉ,यशवंत,साधू"
"ना,धो,महानोर"
"हेमंत,देसाई"
"श्याम,भुर्के"
"गंगाधर,महाम्बरे"
"डॉ,विश्वास,मेहेंदळें"
"पदमजा,फाटक"
"मीना,जोशी"
"अंजली,पेंडसे"
"डॉ,स्नेहलं,तावरे"
"शकुंतला,जोशी"
"डॉ,वसंत,नाईक"
"ली,एन,सांगलीकर"
"ली,एन,सांगलीकर"
"प्रवीण,दवणे"
"प्रवीण,दवणे"
"महेश,आफळे"
"प्रशांत,तळणीकर"
"अनिल,अवचट"
न
"आचार्य,प्र,के,अत्रे"
"शरद,भिडे"
"प्रवीण,दवणे"
"प्रवीण,दवणे"
"शिरीष,कणेकर"
"रणजित,देसाई"
"वि,स,खांडेकर"
"करुणा,शेवते"
"श्याम,भुर्के"
"गंगाधर,महाम्बरे"
"संजीव,परळीकर"
"मुक्ता,चैतन्य"
"शांता,ज,शेळके"
"शांता,ज,शेळके"
"शांता,ज,शेळके"
"मीना,टाकळकर"
"राधिका,टिपरे"
"माधुरी,शानभाग"
"दया,पवार"
गुलजार
"ना,रा,वडनप"
"स्मिता,तळवलकर"
"वीणा,पाटील"
"मधू,जामकर"
"रमाकांत,वाळवंडकर"
"दिलीप,ठाकूर"
"प्रा,विजय,पाटील"
"डॉ,राजेंद्र,भस्मे"
"दत्तात्रय,कुलकर्णी"
"राजीव,जोशी"
"इसाक,मुजावर"
"संजय,राऊत"
"अपर्णा,वेलणकर"
"वि,स,वाळिंबे"
"प्रभावती,पुरम"
"राधिका,गुप्ते"
"शैलेश,पांडे"
"आशा,परुळेकर"
"रमेश,सहश्रबुद्धे"
"दुर्गा,भागवत"
"भालचंद्र,देशपांडे"
"मंगला,गोडबोले"
"सौ,सुचिता,बर्वे"
"सौ,राजलक्ष्मी,देशपांडे"
"आशा,पत्रावळी"
"अंजली,पेंडसे"
"सुशीला,पतके"
"सौ,जयश्री,भालेराव"
"प्रतिभा,काळे"
"प्रतिभा,काळे"
"अंबरीश,मिश्रा"
"अनिल,अवचट"
"शिव,खेरा"
"शिवराज,गोर्ले"
"डॉ,राजेंद्र,बर्वे"
"डॉ,राजन,भोसले"
"डॉ,रा,दि,फडके"
"रामजी,मालकर"
"काकासाहेब,पुरंदरे"
"जगन्नाथ,कुंटे"
"भालचंद्र,दिवाडकर"
"योगेंद्र,ठाकूर"
"उन्मेष,गुजराथी"
आमोद
"एल,एस,जोगळेकर"
"प्रा,दिलीप,येवलेकर"
"संजय,सोनवणी"
"रवींद्र,पिंगे"
"परशुराम,कोठेकर"
"राजन,गावास"
"जयंत,राळेसकर"
"राम,देशपांडे"
"सच्चिदानंद,शेवडे"
"प्रा,यशवंराव,पाटील"
"जयवंत,दळवी"
"लक्ष्मण,माने"
"द,के,साठे"
"दिलीप,ठाकूर"
"विजय,कदम"
"संजय,मोने"
"राम,देशपांडे"
"राम,देशपांडे"
"शिरीष,काणेकर"
"शिरीष,कणेकर"
"प्रभाकर,दिघे"
"प्रभाकर,दिघे"
"डॉ,शे,रा,कुलकर्णी"
"अपर्णा,वेलणकर"
"सौ,मालती,जोशी"
"मृणालिनी,गडकरी"
"चंद्रशेखर,मुरगुडकर"
"सुप्रिया,वकील"
"लीना,सोहोनी"
"डॉ,रमा,मराठे"
"अभय,सदावर्ते"
"दुर्गा,भागवत,प्रस्ता"
"विष्णुशास्त्री,चिपळूणकर"
"विष्णुशास्त्री,चिपळूणकर"
"प्रा,शिवाजीराव,भोसले"
"प्रा,शिवाजीराव,भोसले"
"प्रा,शवाजीराव,भोसले"
"अतुल,धामणकर"
"सुहास,दिवसे"
"मधुसुदन,पेंडसे"
"राजाभाऊ,कदम"
"लक्ष्मीकांत,पाटील"
"डॉ,आनंद,पाटील"
"डॉ,आनंद,पाटील"
"डॉ,आनंद,पाटील"
"सागर,हिरमुखे"
"डॉ,आनंद,पाटील"
"डॉ,आनंद,पाटील"
"डॉ,आनंद,पाटील"
"डॉ,आनंद,पाटील"
"सुरेश,जी,तुपतेदार"
"प्रल्हाद,नरहर,जोशी"
"जनार्दन,श्री,देशपांडे"
"सौ,विद्यावती,रेहरेकर"
मेहेरबाबा
मेहेरबाबा
"हेमलता,पंडित"
"चिं,वि,जोशी"
"जोत्सना,देवधर"
"निंबराज,जाधव"
"बाबा,कदम"
"प्रवीण,देवणे"
"प्रवीण,दवणे"
"कॅ,राजा,लिमये"
"ब्रिटिश,नंदी"
"सौ,सविता,जोशी"
"वंदना,वेलणकर"
"मंगला,बर्वे"
"श्रीमती,शालीनी,अलोणी"
"सौ,सविता,जोशी"
"विद्या,बापट"
"ज्योत्स्ना,देवधर"
"मंगला,गोडबोले"
"मंगला,गोडबोले"
"ग,प्र,प्रधान"
"रवींद्र,वा,दीक्षित"
"प्रा,शिवाजीराव,भोसले"
"गंगाधर,महाम्बरे"
"सुमेध,वडावाला"
"राजन,गवसे"
"डॉ,संचितानंद,शेवडे"
"डॉ,वि,स,जोग"
"अजय,ताम्हणे"
"गोविंद,देशपांडे"
"रामप्रसाद,शर्मा"
"मुजफ्फर,हुसेन"
"आचार्य,अत्रे"
"प्रभाकर,माने"
"जयवंत,दळवी"
"दाजी,पणशीकर"
"स्वा,विनायक,दा,सावरकर"
"दाजी,पणशीकर"
"प्रा,रा,तु,भगत"
"अनिलकुमार,स्वधार"
"राम,मोहिते"
"श्रीनिवास,गडकरी"
"सुरेश,देशपांडे"
"जगन्नाथ,कुंटे"
"जगन्नाथ,कुंटे"
"संपा,अरुण,शेवते"
"संपा,अरुण,शेवते"
"डॉ,शरणकुमार,लिंबाळे"
"डॉ,शरणकुमार,लिंबाळे"
"डॉ,शरणकुमार,लिंबाळे"
"डॉ,शरणकुमार,लिंबाळे"
"डॉ,शरणकुमार,लिंबाळे"
"संपा,भूषण,केळकर"
"संपा,भूषण,केळकर"
"सौ,निर्मला,जोशी"
"आरती,शेळके"
"आरती,शेळके"
"आरती,शेळके"
"आरती,शेळके"
"आरती,शेळके"
"आरती,शेळके"
"अनु,अशोक,पाध्ये"
"सुभाष,जोशी"
"रेवा,देशपांडे"
"सुनंदा,अमरापूरकर"
"प्रा,लक्ष्मण,थोरात"
"वि,स,खांडेकर"
"आनंद,यादव"
"डॉ,रमा,मराठे"
"डॉ,दिलीप,बावचकर"
"हेमा,कळके"
"डॉ,आ,बा,पाटील"
"प्राजक्ता,उजगरे"
"संजीव,परळीकर"
"शिवाजी,सावंत"
"बाळ,ऊर्ध्वरेषे"
"सुषमा,शाळीग्राम"
"सुषमा,शाळीग्राम"
"श्यामला,घारपुरे"
"उषा,महाजन"
"अजित,ठाकूर"
"लीना,सोहोनी"
"प्रशांत,तळणीकर"
"दामुअण्णा,दाते"
"बा,ग,जोशी"
"शंकर,पाटील"
"मधुकर,वडगावकर"
"संपा,रमेश,पतंगे"
"संपा,रमेश,पतंगे"
"संपा,रमेश,पतंगे"
"रॉबिन,शर्मा"
"उमेश,कणकवलीकर"
"शुभदा,पटवर्धन"
"बाळ,सडवेलकर"
"संपा,सुहास,कुलकर्णी"
"संपा,सुहास,कुलकर्णी"
"सदा,डुम्बरे"
"जगन्नाथ,कुंटे"
"असिम,सरोदे"
"डॉ,सुहास,जेवळीकर"
"मधुकर,भावे"
"ऍड,ज्ञानेश्वर,कुलकर्णी"
"डॉ,विजय,ढवळे"
"संपा,डॉ,सुहास,कुलकर्णी"
"प्रदीप,गुडसूरकर"
"बी,जी,वाघ"
"म,श्री,दीक्षित"
"सौ,लीना,मोहाडीकर"
"संपा,लक्ष्मण,शास्त्री,जोशी"
"उत्तम,कांबळे"
"उत्तम,कांबळे"
"उमेश,कणकवलीकर"
"उमेश,कणकवलीकर"
"गंगाधर,महाम्बरे"
"गंगाधर,महाम्बरे"
"रॉबिन,शर्मा"
"रॉबिन,शर्मा"
"रॉबिन,शर्मा"
"विश्वनाथ,देशपांडे"
"अश्विनी,कंठी"
"अ,पा,देशपांडे"
"श्याम,भुर्के"
"लीना,सोहोनी"
"अनंत,उमरीकर"
"गो,द,पहिनकर"
"फारूक,नाईकवाडे"
"राजेंद्र,मंत्री"
"डॉ,वसंत,अंबाडे"
"डॉ,वसंत,अंबाडे"
"डॉ,वसंत,अंबाडे"
"डॉ,वसंत,अंबाडे"
"डॉ,वसंत,अंबाडे"
"संपा,विद्या,बाळ"
"सौ,किशोरी,सु,पै"
"सौ,किशोरी,सु,पै"
"अब्दुस,सलाम,चाऊस"
"प्रवीण,दवणे"
"प्रा,डॉ,शेखर,शिरसाठ"
"विवेक,खरे"
"सदानंद,गोखले"
"बाळ,गाडगीळ"
"बाळ,गाडगीळ"
"बाळ,गाडगीळ"
"बाळ,गाडगीळ"
"बाळ,गाडगीळ"
"बाळ,गाडगीळ"
"बाळ,गाडगीळ"
"बाळ,गाडगीळ"
"डॉ,सच्चीदानंद,शेवडे"
"श्रीनिवास,पटवर्धन"
"आत्माराम,कांबळे"
"आत्माराम,कांबळे"
"आत्माराम,कांबळे"
"तारा,कृष्ण,डफळापूरकर"
"राम,प्रधान"
"सदानंद,गोखले"
"अंजली,नरवणे"
"प्रा,शंभुनाथ,कहाळेकर"
"अवधूत,परळकर"
"नारायण,जाधव"
"डॉ,रामचंद्र,देखणे"
"श्री,निवास,हौसास"
"प्र,के,अत्रे"
"प्र,के,अत्रे"
"कृ,भा,परांजपे"
"भास्कर,ल,भोळे"
"रजनी,दांडेकर"
"डॉ,उषा,गडकरी"
"डॉ,श्रीकांत,पूर्णपात्रे"
"रामहरी,कोलते"
"प्रकाश,बाळ"
"प्रा,संजय,द,थोरात"
"वामन,ग,खासगीवाले"
"जगन्नाथ,कुटे"
"जगन्नाथ,कुटे"
"जगन्नाथ,कुटे"
"डॉ,शैलेंद्र,देवळाणकर"
"डॉ,अनिल,सपकाळ"
"शिरीष,कणेकर"
"माधव,मोहोळकर"
"डॉ,सत्यप्रकाश,निकोसे"
"डॉ,अलका,मांडके"
"मनोज,आवाळे"
"विद्या,बाळ"
"डॉ,नरेंद्र,दाभोळकर"
"रवींद्र,दाणी"
"पदमावती,भिसे"
"मंगला,राजवाडे"
"चंद्रमोहन,कुलकर्णी"
"रामहरी,कोलते"
"नंदकिशोर,फडके"
"नंदकिशोर,फडके"
"नंदकिशोर,फडके"
"नंदकिशोर,फडके"
"नंदकिशोर,फडके"
"सुप्रिया,वकील"
"सुप्रिया,वकील"
"प्रज्ञा,ओक"
"उषा,महाजन"
"जोगिंदर,सिंग"
"सी,प,खेर"
"श्रावण,मोडक"
सरश्री
सरश्री
"लीना,सोहोनी"
संपादक
संपादक
संपादक
संपादक
संपादक
"सौ,शामल,कुलकर्णी"
"प्रा,सायस,कराड"
"व्ही,एन,स्वामी"
"डॉ,आशुतोष,जोशी"
"रा,ना,दांडेकर"
"अविनाश,धर्माधिकारी"
"तुकाराम,जाधव"
"तुकाराम,जाधव"
"जगन्नाथ,कुटे"
"मंगला,सामंत"
"मंगेश,देशमुख"
"सु,प्र,सातारकर"
"उन्मेष,गुजराथी"
संपादक
"सौ,जयंती,सहस्रबुद्धे"
"जगन्नाथ,कुटे"
"जगन्नाथ,कुटे"
"सौ,सविता,जाजू"
"शिवराज,गोळे"
"गोपाळ,गळगळी"
"प्रा,जॉन्सन,बार्जेस"
"किरण,होळकर"
"किरण,होळकर"
"तुकाराम,जाधव"
"डॉ,चेतन,साळी"
"डॉ,चेतन,साळी"
"डॉ,चेतन,साळी"
"डॉ,चेतन,साळी"
"डॉ,चेतन,साळी"
"मंगला,कामत"
"दत्ता,सांगोळकर"
"नितीन,पाटील"
"वा,ना,दांडेकर"
"अविनाश,धर्माधिकारी"
"प्रका,के,सागर"
"प्रका,के,सागर"
"आय,डी,पवार"
"आय,डी,पवार"
"के,सागर"
"विनायक,घायाळ"
"डॉ,वा,भा,पाटील"
"श्री,नवनीत"
"सौ,सुरेखा,हुलसूरकर"
"के,सागर"
"डॉ,आनंद,पाटील"
"उमाकांत,वाघमारे"
"अविनाश,धर्माधिकारी"
"चंद्रकांत,कठारे"
संपादक
"सचिन,काळेल"
"तुकाराम,जाधव"
"प्रा,ब्रिजमोहन,दायमा"
संपादक
"वसंत,लेले"
"गंगाधर,पारखी"
"डॉ,सत्यप्रकाश,निकोशे"
"ब,स,काळे"
"प्रा,चिं,घांगरेकर"
"जी,एल,भिडे"
"डॉ,जयसिंगराव,पवार"
"ए,बी,सवदी"
"डॉ,चनद्रेश,अग्रवाल"
"डॉ,चंद्रेश,अग्रवाल"
"डॉ,चंद्रेश,अग्रवाल"
"अतुल,कुलकर्णी"
"दीपक,चैतन्य"
"प्र,व,जोशी"
"अजय,मानकर"
"कै,मो,रा,वाळंबे"
ना
"संजय,नाथे"
"विजय,स,भोसले"
"संजय,नाथे"
"प्रा,जी,एल,भिडे"
"डॉ,लीला,गोविळकर"
"डॉ,स,बी,गोखले"
"श्रीकांत,क्षीरसागर"
"के,सागर"
"डॉ,जयसिंगराव,भाऊसाहेब,पवार"
"प्रा,अतुल,कुलकर्णी"
"सौ,माधवी,कळके"
"प्रा,ए,वाय,कोंडेकर"
"डॉ,सौ,शैलजा,माने"
"डॉ,शंकर,दीक्षित"
"ए,बी,सवदी"
"श्री,एस,आर"
"अनिल,अंकलगी"
"उमाकांत,वाघमारे"
"जैन,गुप्ता"
"गिरीश,भावसार"
"चंद्रेश,अग्रवाल"
"डॉ,ब्रिजमोहन,दायमा"
"प्रा,जे,प्रकाश"
"प्रा,जे,प्रकाश"
"प्रा,बलराम,ढाळे"
"व्ही,एन,स्वामी"
"डॉ,आनंद,पाटील"
"संपा,तुकाराम,जाधव"
"अविनाश,धर्माधिकारी"
"सुहास,शिरवळकर"
"अविनाश,धर्माधिकारी"
"सुनील,शेळगांवकर"
ना
"चंद्रेश,अग्रवाल"
"ए,कांत,चोप्रा"
"डॉ,एच,पि,शर्मा"
"डॉ,आनंद,पाटील"
एन
"प्रा,मधुकर,दिघे"
एन
"जगन्नाथ,कुंटे"
संपादक
संपादक
संपादक
"सीमा,काकडे"
"अनु,वर्षा,कुलकर्णी"
"डॉ,माधव,पोतदार"
"वि,वा,भिडे"
"वि,वा,भिडे"
संपादक
"डॉ,प्रज्ञा,कुलकर्णी"
"त्रिंबक,ना,आत्रे"
"प्रा,अनुराधा,गुरव"
"भरती,ठाकूर"
"सुप्रिया,वकील"
"सदानंद,घरकवडी"
"गो,द,पाठि,नकर"
"सदानंद,देशमुख"
"माधवी,कुंटे"
"डॉ,माधव,पोतदार"
"म,ज्योतिराव,फुले"
"अश्विनी,पराशर"
"डॉ,रमा,मराठे"
"प्रा,प्रसन्न,अकलूजकर"
"वसंत,मिरासदार"
"डॉ,चंद्रकांत,मगदूम"
"संजीव,परळीकर"
"द्वारकानाथ,संझगिरी"
"रेणू,गावस्कर"
"रेणू,गावस्कर"
"दीपक,वैद्य"
"भा,ल,महाबळ"
"बाबा,भांड"
"प्र,व,जोशी"
"पंढरीनाथ,सावंत"
"गिरिश,कुबेर"
"राजाभाऊ,रायकर"
"एन,देशपांडे"
"सुमेध,वडावाला"
"मधुकर,काकडे"
"प्रा,उन्मेष,गुजराथी"
"प्रदीप,गुडसूरकर"
"श्रीरंग,गोडबोले"
"विवेक,कळके"
"महादेव,मोरे"
संपादक
"पद्माकर,पाठकजी"
"तंबी,दुराई"
"प्रवीण,दवणे"
"प्रवीण,दवणे"
"प्रवीण,दवणे"
"प्रवीण,दवणे"
"सुभाष,अवचट"
"अनु,सुप्रिया,वकील"
"अनु,सुप्रिया,वकील"
"श्यामला,हरपुरे"
"उषा,महाजन"
"प्रा,दिनकर,बोरीकर"
"म,ना,झोळ"
"प्रकाश,अकोलकर"
"डॉ,सौ,सुजाता,नातू"
"डॉ,प्रमोद,जोगदेव"
"डॉ,जयवंत,व्हटकर"
"डॉ,प्रकाश,जाधव"
"प्रा,मधुकर,दिघे"
"ज्योत्स्ना,देवधर"
"बा,ग,जोशी"
"मिलिंद,ढमढेरे"
"योगेंद्र,ठाकूर"
"डॉ,जे,एन,शिरवाडकर"
"ले,क,कर्मवीर,सिंह"
"अरुंधती,देवस्थळे"
"आ,पां,खरात"
"दीपक,चैतन्य"
"भा,द,खेर"
"डॉ,प्रवीण,जाधव"
"श्रीनिवास,वारुंजीकर"
"कल्पना,चारुदत्त"
"पद्माकर,पाठकजी"
"महेश,केळुसकर"
"विसुभाऊ,बापट"
"मनोहर,सप्रे"
"डॉ,रवींद्र,तांबोळी"
"डॉ,रवींद्र,शोभणे"
"डॉ,राजेंद्र,माने"
"गजानन,पांडे"
"इंद्रजित,भालेराव"
"प्र,के,अत्रे"
"महेश,घाटपांडे"
"महेश,केळुसकर"
"अरुण,शेवते"
"स्वातंत्रवीर,सावरकर"
"प्रा,डॉ,भाऊसाहेब,निमगिरीकर"
"प्रा,शिवाजीराव,भोसले"
"अनिकेत,भालेराव"
"अनिल,अवचट"
"अनिल,अवचट"
"प्रभा,जोशी"
"विलास,काणे"
"अनु,मंजिरी,फडणीस"
"अड,शुभदा,विव्दस"
"डॉ,विजया,बापट"
"सौ,पुष्पा,ठक्कर"
"मीना,कर्णिक"
"हेमलता,होनवाड"
"शुभा,येरी"
"यदुनाथ,थत्ते"
"क्रांती,महाजन"
"सोनल,गुलालकरी"
"अंजु,सोनी"
"श्रीनिवास,गडकरी"
"संजय,नाईक"
"पराग,लोणकर"
"सदानंद,गोखले"
"प्रा,चंद्रसेन,टिळेकर"
"संपा,शांता,मालेगावकर"
"डॉ,उल्हास,लुकतुके"
"जयंत,रानडे"
"प्रा,पुंडलिक,गवांदे"
"पुरुषोत्तम,रोहणकर"
"कल्पना,देसाई"
"डॉ,विनायक,गोविलकर"
"डॉ,विनायक,गोविलकर"
"शंकर,गो,भिडे"
"प्रा,गणेश,राऊत"
"प्रा,महेश,आळेगावे"
"नीलिमा,बोखणकर"
"अनंत,सामंत"
"मिलिंद,जोगळेकर"
"विश्वास,पाटील"
"निळू,दामले"
"निळू,दामले"
"मेघना,कुकांदवाडकर"
"ना,सी,फडके"
"श्री,भास्कर,हरी,वझे"
"रॉन्डा,बर्न"
"अनिल,शिदोरे"
"डॉ,राजेंद्र,बर्वे"
"सायमन,मार्टिन"
"अर्जुन,ज,परब"
"पद्माकर,पाठकजी"
"शशिकांत,कोनकर"
"आर,एस,अगरवाल"
"ज्योतिराव,गो,फुले"
"महात्मा,गांधी"
"बाबा,भांड"
"प्रा,व,ला,बोधे"
"महेश,एलचुंगवार"
"द्वारकानाथ,संसगिरी"
"द्वारकानाथ,संसगिरी"
"मंदाकिनी,वा,भट"
"सु,प्र,सातारकर"
"पं,अरविंद,गजेंद्रगडकर"
"आशा,पकळेकर"
"दासू,वैद्य"
"मल्हार,कृष्ण,गोखले"
"रवींद्र,कुलकर्णी"
"राजीव,तांबे"
"गार्गी,श्रीकांत,लागू"
"शकुंतला,जोशी"
"प्रकाश,ज,वाणी"
"गिरीजा,कीर"
"डॉ,बाळ,फोडके"
"कु,भा,परांजपे"
"संपा,विठ्ठल,पवार"
"श्रीकांत,लागू"
"निलिमा,करंदीकर"
"अरविंद,खांडेकर"
"सौ,चाकशीला,कांबळे"
"डॉ,अमित,बिडवे"
"जुझारसिंहा,सिलेदार"
"डॉ,राजेंद्र,बर्वे"
"शरदचंद्र,जोशी"
"प्रकाश,अकोळकर"
"जी,लन,मोरे"
"प्रा,मधुकर,दिघे"
"डॉ,विश्वास,मेहेंदळे"
"संपा,सुहास,कुलकर्णी"
"निळू,दामळे"
"सोनाली,कुलकर्णी"
"अशोक,जैन"
"डॉ,गिताली,वि,मं"
"माधव,शिरवळकर"
"करुणा,गोखले"
"विकास,द,जोशी"
"प्रा,दिनकर,बोरीकर"
"शकुंतला,कोलारकर"
"निर्मळा,सारडा"
"अजित,ठाकूर"
"सौ,पुष्पा,उक्कर"
"माधवी,कुंटे"
"राजा,कांदळकर"
"अशोक,पाथरकर"
"अवंती,महाजन"
"सुनीति,काणे"
"अरविंद,सावंत"
"आनंद,अवघानी"
"बिस्वरूप,रॉय,चौधरी"
ग्रेस
"अनिल,अवचट"
"दीपक,मगर"
"अंबरीश,मिश्र"
"इसाक,मुजावर"
"माधवी,पुरंदरे"
"माधवी,पुरंदरे"
"माधवी,पुरंदरे"
"प्रा,चंद्रकांत,मिसाळ"
"प्रा,चंद्रकांत,मिसाळ"
"प्रा,चंद्रकांत,मिसाळ"
"डॉ,संतोष,दास्ताने"
"स्मिता,जोशी"
संपादक
"अरुण,कणेर"
"चंद्रकांत,मिसाळ"
संपादक
"ह,अ,भावे"
"सौ,मीना,आंबेकर"
"सौ,मीना,आंबेकर"
"ज्ञा,गो,घुमटकर"
"डॉ,अशोक,मोडक"
"डॉ,सच्चीदानंद,शेवडे"
"स्वामी,ब्राह्मस्थानंद"
"निळू,दामले"
"निळू,दामले"
"पु,भा,भावे"
"श्रीराम,कृ,बोरकर"
"प्रा,राजाभाऊ,लिमये"
"प्रा,राजाभाऊ,लिमये"
"प्रा,मधुकर,दिघे"
"उर्मिला,भावे"
"डॉ,उल्हास,कोल्हटकर"
"शोभा,चित्रे"
"मंगला,गोडबोले"
"स्वाती,पाटणकर"
"सरला,काकाणी"
"मंदा,खांडगे"
"विभावरी,दांडेकर"
"डॉ,राणी,बंग"
"शांता,ज,शेळके"
"शांता,ज,शेळके"
"सुचिता,पडळकर"
"माधवी,कुंटे"
"बिपीन,मयेकर"
"प्रवीण,बर्दापूरकर"
"द्वारकानाथ,संझगिरी"
"डॉ,राजेंद्र,बर्वे"
"संदीपकुमार,साळुंखे"
"जे,के,जाधव"
"आचार्य,जयप्रकाश,बागडे"
"बाबा,भांड"
"संदीप,वासलेकर"
"राम,शेवाळकर"
"गंगाराम,गवाणकर"
"वसंत,केशव,पाटील"
"संदीप,जावळे"
"वसंत,वा,देशपांडे"
"प्रा,व,बा,बोधे"
"प्रा,व,बा,बोधे"
"डॉ,गजानन,श्रीपत,खैर"
"डॉ,गजानन,श्रीपत,खैर"
"डॉ,गजानन,श्रीपत,खैर"
"डॉ,गजानन,श्रीपत,खैर"
"शिवराज,गोर्ले"
"शिवराज,गोर्ले"
"विठ्ठल,पवार"
"शेषराव,मोरे"
"शशिकांत,पित्रे"
"अनिल,अवचट"
"आदिनाथ,हरवंदे"
"शोभना,शिकनीस"
"प्रा,पुष्पा,ठक्कर"
"प्रा,पुष्पा,ठक्कर"
"वीणा,पाटील"
"रेखा,देशपांडे"
"वर्ष,कुलकर्णी"
"स्वाती,चांदोरकर"
"डॉ,विजया,बापट"
"श्याम,भुर्के"
"गो,द,पहिनकर"
"डॉ,अरुण,मांडे"
"जॉन,कोलासो"
"डॉ,श्री,ग,बापट"
"अजित,ठाकूर"
"प्रा,मुकुंद,नातू"
"प्रज्ञा,ओक"
"उषा,महाजन"
"उषा,महाजन"
"डॉ,कमलेश"
"डॉ,कमलेश"
"रवींद्र,देसाई"
"मधू,गानू"
"गिरीश,प्रभुणे"
"नरेंद्र,दाभोळकर"
"अंबरीश,मिश्रा"
"विद्याधर,अनास्कर"
"मंगला,गोडबोले"
"मंगला,गोडबोले"
"रवींद्र,पिंगे"
"शेषराव,मोरे"
"वि,स,वाळिंबे"
"शशिकांत,पित्रे"
"शशिकांत,पित्रे"
यशदा
यशदा
"माधुरी,शानभाग"
"माधुरी,शानभाग"
"कमलेश,वालावलकर"
"कमलेश,वालावलकर"
"विनायक,रत्नपारखी"
"सौ,जयंती,सहस्रबुद्धे"
"निर्मला,मोने"
"मनिषा,दीक्षित"
"स्वाती,धर्माधिकारी"
"प्रवीण,दवणे"
"प्रवीण,दवणे"
"उमेश,कणकवलीकर"
"नरहर,कुरुंदकर"
"म,श्री,माटे"
"अनिल,अवचट"
"गिरीश,प्रभुणे"
"जगन्नाथ,कुटे"
"मधु,मंगेश,कर्णिक"
"मधु,मंगेश,कर्णिक"
"डॉ,अभिनव,दीक्षित"
"सुबोध,मयुरे"
"मुरलीधर,नाले"
"मुरलीधर,नाले"
"मोहन,आपटे"
"सुरेश,खोपडे"
"सुरेश,खोपडे"
"उज्ज्वला,बर्वे"
"विलास,कुलकर्णी"
"सौ,मालती,जोशी"
"डॉ,कमलेश"
"चंद्रशेखर,कुलकर्णी"
"विश्वास,भावे"
"सौ,संजीवनी,तळवडेकर"
"वृषाली,देशपांडे"
"डॉ,बाळ,फोंडके"
"डॉ,बाळ,फोंडके"
"डॉ,बाळ,फोंडके"
"वंदन,पोतनीस"
"डॉ,शां,ग,महाजन"
"डॉ,यशवंत,पाटणे"
"डॉ,यशवंत,पाटणे"
"विद्याधर,दांडेकर"
"समीर,दरेकर"
"श्याम,भुर्के"
"मुकुंद,अनगळ"
"सय्यद,अबुल,मौद्दी"
"सय्यद,अबुल,मौद्दी"
"सय्यद,अबुल,मौद्दी"
"सय्यद,अबुल,मौद्दी"
"राजीऊल,इ,नदवी"
"इन,अम्मूररहमान,खान"
"आर,एस,विद्यार्थी"
"डॉ,एम,ए,श्रीवास्तव"
"डॉ,अरविंद,गोडबोले"
संपादक
"डॉ,आनंद,पाटील"
"एन,जी,मेहता"
संपादक
"शिरीष,पै"
"डॉ,सलील,कुलकर्णी"
"वीणा,पाटील"
"अमिता,नायडू"
"डॉ,अंजली,जोशी"
"वैशाली,करमरकर"
"एस,बी,पवार"
"सुलभा,कुलकर्णी"
"करुणा,गोखले"
"शिरीष,पै"
"मृणाल,कुलकर्णी"
"आशा,परुळेकर"
"डॉ,विजया,फडणीस"
"एल,के,कुलकर्णी"
"अशोक,चिटणीस"
"बाळ,ठाकरे"
"संदीप,कुमार,साळुंखे"
"माधव,गोडबोले"
"डॉ,मुकुंद,घारे"
"शिवराज,गोर्ले"
"वि,स,खांडेकर"
"श्रीराम,ओक"
"संजय,कप्तान"
"अरविंद,वैद्य"
"प्रा,मधुकर,दिघे"
"सुहास,कुलकर्णी"
"मारुती,चितमपल्ली"
"प्रवीण,दवणे"
"मुकुंद,वेताळ"
"डॉ,वि,रा,करंदीकर"
"सुरेश,पोरे"
"प्रकाश,जोशी"
"डॉ,माधव,गायकवाड"
"दीपक,शिकारपूर"
"डॉ,श्रीधर,नार्वेकर"
"डॉ,वा,वा,भागवत"
"बाबा,भांड"
"बाबा,भांड"
"सौ,विद्या,दायमा"
"गोविंद,गाडगीळ"
"व,पु,काळे"
"प्र,के,अत्रे"
"पु,ल,देशपांडे"
"पु,ल,देशपांडे"
"प्रदीप,कणिक"
"अब्दुल,सलाम,चाऊस"
"विवेक,कंझरकर"
"प्रा,हेमंत,गोरवले"
"सु,ग,कामे"
"नामदेवराव,जाधव"
"नामदेवराव,जाधव"
"शिरीष,कणेकर"
"शिरीष,कणेकर"
"शिरीष,कणेकर"
"संपा,अनिल,किणीकर"
"दिगंबर,बेहेरे"
"सुधीर,सेवेकर"
"शंकर,सारडा"
"डॉ,सुशील,सुर्वे"
"डॉ,श्री,ग,बापट"
"डॉ,अरुण,मांडे"
"प्रशांत,नळणीकर"
"जे,के,जाधव"
"भालचंद्र,साठे"
"सौ,प्रज्ञा,हेंद्रे"
"शुभदा,विव्दस"
"प्रा,रेखा,दिवेकर"
"प्रा,रेखा,दिवेकर"
सूर्यभट
"सौ,शोभा,तेलंग"
"डॉ,बाळ,फॊडके"
"नरेंद्र,आठवले"
"राजेंद्र,मंत्री"
"राजेंद्र,मंत्री"
"रविद्र,देसाई"
"रविंद्र,देसाई"
"रवी,परांजपे"
"निर्मला,सी,मिस्त्री"
"डॉ,म,बा,कुलकर्णी"
"अनु,करुणा,गोखले"
"संपा,अरुण,शेवंते"
"डॉ,अनघा,पाटील"
"डॉ,गिरीश,जाखोटिया"
"प्रका,राजेश,चौधरी"
"डॉ,आनंद,पाटील"
"डॉ,आनंद,पाटील"
"डॉ,आनंद,पाटील"
"डॉ,आनंद,पाटील"
"संपा,तुकाराम,जाधव"
"संपा,तुकाराम,जाधव"
"संपा,तुकाराम,जाधव"
"संपा,तुकाराम,जाधव"
"संपा,तुकाराम,जाधव"
"सुनिल,शेळगांवकर"
"सुनिल,शेळगांवकर"
"मेमन,मॅथ्यू"
"संक,देवा,जाधवर"
"सचिन,कालेल"
"संक,अरुण,गु,कणेर"
"संक,अरूण,गु,कणेर"
"प्रा,जितेंद्र,शेटे"
"प्रा,जितेंद्र,शेटे"
"प्रा,जितेंद्र,शेटे"
"व्ही,एन,स्वामी"
"व्ही,एन,स्वामी"
संपादक
"वा,ना,दांडेकर"
"रामदास,वाघ"
"दत्तात्रय,डी,कुंभार"
"प्रा,व्ही,बी,पाटील"
"पंढरीनाथ,राणे"
"धोंडीराम,मसाप्पा,भोपळे"
"संकेत,शां,भोंडवे"
"राजश्री,देशमुख"
"आर,गुप्ता"
"के,सागर"
"के,सागर"
"लिलाधर,पाटील"
"प्रा,संजय,नाथे"
"प्रा,संजय,नाथे"
"एकनाथ,पाटील"
"कृष्णा,भोगे"
"कृष्णा,भोंगे"
"आर,सी,अग्गरवाल"
"आर,सी,अग्गरवाल"
"आर,सी,अग्गरवाल"
"डॉ,सुधीर,भोंगळे"
"म,ज्योतीराव,फुले"
"प्रा,सायस,कराड"
"सुरेश,खोपडे"
"विद्याधर,श्री,आपटे"
"अच्युत,गोडबोले"
"पु,ल,देशपांडे"
"आनंद,यादव"
"शशिकांत,कोनकर"
"अनिल,चक्रदेव"
"निलिमा,बोरवणकर"
"शिवराज,गोर्ले"
"शिव,खेरा"
"अशोक,पानवलकर"
"अंजली,पेंडसे"
"डॉ,रवी,बापट"
"मिलींद,संगोराम"
"मधुकर,पा,संगवई"
"प्रा,व,बा,बोधे"
"प्रा,व,बा,बोधे"
"प्रा,व,बा,बोधे"
"अनु,रेवती,पैठणकर"
"सचिन,रायलवर"
"सुभदा,विद्वांस"
संपादक
"धरणीधर,रत्नाळीकर"
"अभिजित,थिटे"
"अच्युत,गोडबोले"
"स्वामी,प्रभुप्रसाद"
"जयराज,साळगावकर"
"रमाकांत,जाधव"
"शेखर,दळवी"
"संदीप,वासलेकर"
"प्रा,शेखर,सोनालकर"
"राधास्वामी,व्यास"
"जगन्नाथ,कुंटे"
"आर,के,गुप्ता"
"आर,के,गुप्ता"
"अमित,एम,अगरवाल"
"अमित,एम,अगरवाल"
"डी,सी,पांडे"
"डी,सी,पांडे"
संपादक
"राजेश,शर्मा"
"डॉ,पी,सी,दास"
"के,सागर"
"ए,बी,सवदी"
"ए,बी,सवदी"
"केदार,जोशी"
"चंद्रेश,अगरवाल"
संपादक
"केदार,जोशी"
"केदार,जोशी"
संपादक
"प्रा,एम,जे,शेख"
संपादक
"रजन,कोळंबे"
"nandakumar,pimpale"
"नंदकुमार,पिंपळे"
"शांता,ज,शेळके"
"पंढरीनाथ,राणे"
"डॉ,आनंद,पाटील"
"डॉ,यु,म,पठाण"
"रा,प्र,कानिटकर"
"माधवी,कुंटे"
"निलम,माणगावे"
"चंद्रशेखर,मुरगूडकर"
"ऍड,शिरीष,देशपांडे"
"श्री,पी,जे,कांबळे"
"जोसेफ,तुस्कानो"
"प्रा,मधुकर,दिघे"
"दिलीप,प्रभावळकर"
"अतुल,कहाते"
"अतुल,कहाते"
"अतुल,कहाते"
"शांता,ज,शेळके"
"डॉ,वैजयंती,खानविलकर"
"डॉ,रजनी,मेहरे"
"वसुमती,धुरू"
"अरुंधती,देवस्थळे"
"सौ,प्रतिभा,हम्पर्स"
"सौ,जाह्नवी,राऊळ"
"पद्मा,साठे"
"सौ,सुमती,निरगुडे"
"नीलिमा,भावे"
"मालती,किर्लोस्कर"
"राजश्री,कणीकर"
"संपा,राम,प्रधान"
"प्रा,व,ला,बोधे"
"दिलीप,ठाकूर"
"भालचंद्र,मुणगेकर"
"सतीश,जोशी"
"विनायक,कुलकर्णी"
"नारायण,सुर्वे"
"राजीव,जोशी"
"बाळ,भागवत"
"अतुल,राजोळी"
"गोविंद,तळवलकर"
"वि,र,काळे"
"डॉ,अरुण,निगवेकर"
"पं,अरविंद,गजेंद्रगडकर"
"वसंत,मिरासदार"
"अरविंद,वैद्य"
"डॉ,माधव,गायकवाड"
"सुभाष,लारवोहीया"
"द,पा,रवांबेटे"
"सुरेश,द्वादशीवार"
"सुमेध,वडावाला"
"विश्वामित्र,शर्मा"
"निरंजन,घावे"
"बाबू,मोशाय"
"व,पु,काळे"
"संपा,रघुनाथ,माशेलकर"
"डॉ,बाळ,फोंडके"
"श्रीपाद,कृ,कोल्हटकर"
"उमेश,कणकवलीकर"
"संजय,पवार"
"संपा,दत्ता,जोशी"
"प्रा,हेमंत,गोखले"
"संजय,गोविलकर"
"मोहन,आपटे"
"प्रा,राम,शेवाळकर"
"संपा,अ,द,मराठे"
"प्रवीण,दवणे"
"रेखा,देशपांडे"
"रमा,नाडगौडा"
"विदुला,टोकेकर"
"अश्विनी,लाटकर"
"सुभाष,जोशी"
"डॉ,सुभाष,दांडेकर"
"शीला,कारखानीस"
"लीना,चांदोरकर"
"पुष्पा,डक्कर"
"पुष्पा,डक्कर"
"अनु,रोहिणी,कुमार,दास"
"सुधीर,सेवेकर"
"शिवराज,गोर्ले"
"संपा,शिरीष,कवडे"
"दिलीप,प्रभावळकर"
"जगन्नाथ,कुटे"
"प्रा,कुलकर्णी"
"प्रा,कुलकर्णी"
"प्रा,वाय,आर,महाजन"
"डॉ,श्री,वि,कडवेकर"
"प्रा,सुरेश,भिरूड"
"प्रा,डॉ,सुनील,मायी"
"व्यंकटेश,माडगूळकर"
"पंढरीनाथ,रेडकर"
"साने,गुरूजी"
"प्रभाकर,पाध्ये"
"नीलिमा,बोरवणकर"
"डॉ,विजय,पांढरीपांडे"
"मधू,मंगेश,कर्णिक"
"शिरीष,कणेकर"
"सुरेश,द्वादशीवार"
"संध्या,नरे,पवार"
"निरंजन,घाटे"
"उत्तम,कांबळे"
"डॉ,चंद्रकांत,केळकर"
"डॉ,प्रकाश,जोशी"
"मंगला,मिरासदार"
"रविकिरण,साने"
"डॉ,बाळ,फोडके"
"सौ,जयश्री,लेंभे"
"हेमंत,कणिक"
"अनु,सुप्रिया,वकील"
"डॉ,मीना,शेटे"
"चंद्रकांत,सहस्रबुद्धे"
"मंजुषा,आर्वीकर"
"धनंजय,बिजले"
"भारती,पांडे"
"सरोज,देशपांडे"
"अरुण,देशमुख"
"मनोहर,भोळे"
"रमेश,बालवाड"
"अनंत,नानोवी"
"सुरेश,वांदिले"
"भाऊ,मराठे"
"डॉ,बाबासाहेब,आंबेडकर"
"दत्ता,सांगोलकर"
"दिलीप,गोटखिंडीकर"
"दिलीप,गोटखिंडीकर"
"नामदेव,गजरे"
"एस,आर,अवस्ती"
"विजय,दर्डा"
"प्रा,वीणा,सानेकर"
"ऍड,संतोष,आग्रे"
"बाळ,के,ठाकरे"
ओशो
"युवराज,फडतरे"
नाही
"सु,ल,खुटवड"
"संजय,राऊत"
"राजू,परुळेकर"
नाही
"भगवान,चिले"
"विजय,चितळे"
"संजय,देवघर"
"अरुण,निगुडकर"
"राय,चौधरी"
नाही
"डॉ,अनिल,मडके"
"सौ,लता,बहिरट"
"गौरव,जाचक"
"श्याम,दाईंगडे"
"सौ,शुभदा,खळदकर"
"आ,ह,साळुंखे"
"उन्मेष,गुजराथी"
"सरोज,सरदेसाई"
"सुनीती,काणे"
"अतुल,राजोळी"
"डॉ,माधव,पोतदार"
"अरुण,लिमये"
नाही
"शैलेरा,देशपांडे"
"सुनंदन,लेले"
"डॉ,अनिल,लांबा"
"क्षितिज,पाटुकले"
"अविनाश,भट"
"सुनीता,केळकर"
"राम,देशपांडे"
"मंगला,गोडबोले"
"दीपक,पटवे"
"इरावती,कर्वे"
"रीमा,माडगील"
"मुज्जफर,हुसेन"
"गिरीजा,किर"
"रक्षा,मरदिया"
सरश्री
"सुनीती,काणे"
"अरविंद,शं,परांजपे"
"प्रा,क्षितिज,पाटुकले"
"वंदना,धर्माधिकारी"
"प्रा,क्षितिज,पाटुकले"
"राजा,शिरगुप्पे"
नाही
"डॉ,अनिल,लांबा"
"सलील,कुलकर्णी"
"सुनील,माळी"
"श्याम,मराठे"
"अनु,सुषमा,शाळीग्राम"
"डॉ,शरद,कोलकर"
"शोभा,बोन्द्रे"
"ऍड,रेणू,देव"
"प्रवीण,दवणे"
"अंजली,पेंडसे"
"अनु,डॉ,वृषाली,पटवर्धन"
"मनोहर,सप्रे"
मामंजी
"डॉ,प्रकाश,वेरेकर"
"प्रा,विनोद,धरम"
"अनु,शुभदा,विद्वास"
"अनु,चित्रा,वाळिंबे"
"अनु,उ,पु,अष्टपुत्रे"
"अनु,ए,अ,उपाध्ये"
"संक,भाऊ,मराठे"
"अनिल,अवचट"
"डॉ,रवी"
"स,ध,झांबरे"
"प्रा,हेमंत,गोखले"
"संपा,सुनीता,तारापूरे"
"हिंमत,दादा,मोरे"
"व,शं,जोशी"
"ऍड,अभया,शेलकर"
"सिद्धाराम,रा,माशाळे"
"प्रा,जयंत,वि,खेडकर"
"संपा,रा,ठे,करमकर"
"श्री,एकनाथ,पाटील"
नाही
"प्रकाश,गायकवाड"
"अविनाश,धर्माधिकारी"
"अनुभवी,प्राध्यापक"
"अविनाश,धर्माधिकारी"
"अविनाश,धर्माधिकारी"
"पंढरीनाथ,राणे"
"पंढरीनाथ,राणे"
"पंढरीनाथ,राणे"
"प्रा,शैला,मोरे"
"वा,ना,दांडेकर"
"वा,ना,दांडेकर"
"बाळासाहेब,शिंदे"
"बाळासाहेब,शिंदे"
"मो,रा,वाळंबे"
"भा,अं,घारे"
"लीलाधर,पाटील"
"मिलिंद,पाटील"
संपादक
"राजन,कोळंबे"
"प्रा,सतिश,वसे"
"नितीन,महाले"
"बाळासाहेब,शिंदे"
"प्रा,संतोष,भोसले"
"यजुर्वेद,महाजन"
संपादक
"सुनील,शेळगावकर"
"प्रा,राम,पवार"
"प्रा,जी,ए,जाधव"
"जी,किरण"
"जी,किरण"
"प्रा,उमेश,मुंडे"
"प्रवीण,पाटील"
"डॉ,आंनद,पाटील"
"आंनद,पाटील"
"आंनद,पाटील"
संपादक
"तुकाराम,जाधव"
संपादक
"देवा,जाधवर"
"श्री,चंद्रकांत,गोरे"
"अमोल,घोडके"
"राजू,चंदन,पाटील"
"तुकाराम,जाधव"
"डॉ,तुषार,घोरपडे"
"तुकाराम,जाधव"
"श्रीकांत,प्र,जाधव"
"सत्यजित,चव्हाण"
"देवा,जाधवर"
"दत्ता,घोरपडे"
"देवा,जाधवर"
"प्रज्ञा,पवार"
"प्रविण,चव्हाण"
"किरण,देसले"
"जयदीप,पाटील"
"बी,एल,ग्रोवर"
"बिनय,कर्मा"
"रॉबर्ट,कियोसाकी"
संपादक
वाघ
"रामदास,वाघ"
"श्रीनिवास,मोकलीकर"
"सुजीत,पवार"
शेख
"देवा,जाधवर"
"रमेश,पाध्ये"
संपादक
संपादक
"के,सागर"
"डॉ,सौ,विद्या,एकबोटे"
"प्रा,श्री,मु,देसाई"
संपादक
"के,सागर"
"डॉ,खुशाल,मुंढे"
"विनायक,घायाळ"
"के,सागर"
"श्री,विद्यासागर,हिरमुळे"
"पंढरीनाथ,राणे"
"प्रा,विनीत,थिटे"
"लक्ष्मण,पित्रे"
"अंजली,पेंडसे"
"पु,ल,देशपांडे"
"डॉ,प्रमोद,पाठक"
"सुहास,मंत्री"
"मिलिंद,बोकील"
"राजेश,चेतन"
"डॉ,एलिस"
जोगिंदरसिंग
"डॉ,आ,ह,साळुंखे"
"सौ,करुणा,ढावरे"
"उल्हास,भाले"
संपादक
"ना,आ,नांदेकर"
"प्रज्ञा,जांभेकर"
"देवदत्त,परुळेकर"
"अजित,ठाकूर"
"रेखा,देशपांडे"
"नरेंद्र,दाभोळकर"
"शरद,सहस्रबुद्धे"
छाबडा
"अंजली,पेंडसे"
"अशोक,पाध्ये"
"मंदार,लवाटे"
"प्रवीण,महाजन"
"राजेंद्र,कुलकर्णी"
"अरुण,फडके"
"सुभा,साठे"
"डॉ,विठ्ठल,प्रभू"
"पी,एन,जोशी"
"वंदना,अत्रे"
"अनिल,सांबरे"
"रवींद्र,गोडबोले"
सरश्री
"सुनंदा,अमरापुरकर"
"डॉक्टर,वसंतकुमार,पटवर्धन"
"रेणू,दांडेकर"
"राजेंद्र,पांडेय"
"साने,गुरजी"
"पु,ल,देशपांडे"
"अर्चना,बापट"
"नंदन,निलेकणी"
"नीला,जोशी"
"डॉ,ख्रिस्तोफर,ग्रीन"
"रवी,परांजपे"
"मारुती,चित्तमपल्ली"
"अनु,अजित,ठाकूर"
"प्रवीण,दवणे"
"प्रिया,तेंडूलकर"
"शुभांगी,गोखले"
"श्याम,मराठे"
"अनु,अशोक,पाध्ये"
"प्रवीण,दवणे"
"विनिता,देशमुख"
"करुणा,गोखले"
"अरुणा,कौलगुड"
"सुरेश,वसंत,नाईक"
"अनु,सुप्रिया,वकील"
"महारुद्र,मंगनाळे"
"डॉ,संजय,ओक"
"उज्वलकुमार,माने"
"साने,गुरुजी"
"प्रा,डॉ,शंभुनाथ,कहाळेकर"
संपादक
"सौ,मृणाल,जोशी"
"डॉ,सुभाष,दांडेकर"
"अनंत,मनोहर"
"नीला,सत्यनारा"
"विजय,मेहता"
"स्मिता,भागवत"
"वि,चिपळूणकर"
"डॉ,नाडकर्णी"
"तुकाराम,जाधव"
"सुधा,गोखले"
"बार्बरा,पीस"
"डॉ,निमा,नेरुकर"
"उषा,महाजन"
"रणजित,लाल"
"शांताराम,महाजन"
"वि,शं,ठाकरे"
"अनिल,अवचट"
"डॉ,श्रीराम,गीत"
"सौ,मंगला,बोरावडे"
"डॉ,सदानंद,नाडकर्णी"
"संप,रमेश,पतंगे"
"संप,रमेश,पतंगे"
"संप,रमेश,पतंगे"
"संप,रमेश,पतंगे"
"सत्य,निरंजन"
"र,ग,करमरकर"
"विनय,पत्राळे"
"अच्युत,गोडबोले"
"भगवान,दातार"
"उमाशाशी,भालेराव"
"शिरीष,कणेकर"
"प्रतीक्षा,लोणकर"
"एस,के,कुलकर्णी"
"सुनिती,जैन"
"मीनाक्षी,वैद्य"
"प्रा,डॉ,नीलम,ताटके"
कुलकर्णी
"सुरेश,वसंत,नाईक"
"माधवी,कुटे"
"संदीप,वसलेकर"
"सु,ल,खुकट"
"मुग्धा,देशपांडे"
"अविनाश,विनवले"
"प्रमोद,मराठे"
"विनीता,जोशी"
"म,रा,कुलकर्णी"
"यमाजी,मालकर"
"मुकुंद,संगीराम"
"बी,आर,कांबळे"
"शाम,फडके"
"श्रद्धा,बेलसरे"
"हेमलता,होनवाड"
"प्रा,म,न,उदगावकर"
"सुधा,नरवणे"
"अविनाश,विनीताळे"
"अ,म,जोशी"
"सु,ह,जोशी"
"अनुपम,खेर"
"संपादन,डॉ,संदीप,सांगळे"
"आरती,देशपांडे"
संपादक
"प्रा,व्ही,जे,गोडबोले"
"शिल्पा,कुलये"
"जयमंती,दळवी"
"रा,ना,व्यवहरी"
"अर्चना,अकोलकर"
"रॉय,चौधरी"
"विजय,जोशी"
"व्यंकटेश,उपाध्ये"
"अंकुरा,भालेराव"
"कृपा,कुलकर्णी"
"अच्युत,गोडबोले"
"रविंद्र,देसाई"
"प्रकाश,मिसाळ"
"अरविंद,आमले"
"निरंजन,घाटे"
"अशोक,पाध्ये"
"डॉ,रमा,मराठे"
"रॉन्डा,बर्न"
"रॉन्डा,बर्न"
"मृणालिनी,कुलकर्णी"
"प्रतिभा,काळे"
"संदीप,वासलेकर"
"संजीव,पाध्ये"
"काशिनाथ,वाडेकर"
"सतीरा,कर्णिक"
"सचित,जैन"
"मुक्ता,मनोहर"
"आनंद,घोरपडे"
"वर्क,हेजेस"
"मनोज,आवाळे"
"समीरण,वाळवेकर"
"रमा,नाडगौडा"
"दौलत,ठाकरे"
"बाळ,ठाकरे"
"प्रा,नामदेवराव,जाधव"
"आसावरी,बडवे"
पुकार
"अरुणा,अंतरकर"
"अंजली,पेंडसे"
"सी,ई,पोतनीस"
"शिरीष,पै"
"वसू,भारध्वज"
"ज्योस्त्ना,देवधरं"
"दीपक,चोप्रा"
"मनोज,आवाळे"
"प्रवीण,दवणे"
"अनघा,नितीन,दिघे"
"एम,डी,रामटेके"
"वीणा,गवाणकर"
"फादर,दि,ब्रिटो"
"अरुंधती,खेडकर"
"वसंत,पटवर्धन"
"नंदन,निलेकणी"
"शरद,तळवळकर"
"शिमा,बोन्द्रे"
"रॉबिन,शर्मा"
"के,एच,संचेती"
"श्री,आजगावकर"
"वनराज,माळवी"
"अरविंद,द्विवेदी"
"सुधीर,गाडगीळ"
"शिवराज,गोर्ले"
"खुरावांत,सिंह"
"प्रा,मधुकर,दिघे"
सरश्री
"नसरीन,पटेल"
"नामदेवराव,जाधव"
"संतोष,अरविंदेकर"
"दमयंती,घाणेकर"
"प्रणय,गुप्ते"
"वसंत,पोतदार"
"महारुद्र,मंगनाळे"
"प्रभाकर,महाजन"
"प्रभाकर,मोने"
"महारुद्र,मंगनाळे"
"डॉ,उमाकांत,जाधव"
"फ,म,शहाजिंदे"
"वि,स,खांडेकर"
"संजीव,परळीकर"
"राम,मोहिते"
"महारुद्र,मंगनाळे"
"फ,म,शहाजिंदे"
"सुभाष,घुमे"
"नरहर,देव"
"आशा,परुळेकर"
"रवींद्र,काळे"
"डॉ,शेवडे"
"राम,देशपांडे"
"डॉ,कलावडे"
"दीनानाथ,परदेशी"
तातेराव
"डॉ,अनिल,सपकाळ"
"डॉ,मांडवकर"
"नितीन,वाघ"
"ऍडव्होकेट,शिरीष,देशपांडे"
"अण्णा,हजारे"
"पुष्पा,पाटील"
"वि,स,खांडेकर"
संपादक
सुहास
"डॉ,अनंत"
"गिरीश,प्रभुणे"
"रामचंद्र,जोखर"
"डॉ,कलवारी"
"विद्या,जुनाडे"
"लीला,हडप"
"रंगा,हरी"
"भाऊ,तोरसेकर"
"राजू,परुळेकर"
"वि,वा,भिडे"
"अरविंद,केजरीवाल"
"रॉबिन,शर्मा"
"संजीवनी,मुळये"
"पी,एन,जोशी"
"द,ता,भोसले"
"दीपक,परवे"
"डॉ,रोजवळकर"
"विद्याधर,अनास्कर"
"अरुण,रोवते"
"श्रीरंग,गायकवाड"
"संपा,तुकाराम,जाधव"
"देणगी,तुकाराम,जाधव"
संपादक
संपादक
"मनोहर,भोळे"
"संपा,तुकाराम,जाधव"
"सुहास,पळशीकर"
संपादक
"रोहिणी,शहा"
"फालक,नाईकवाडे"
संपादक
"अभिजित,बोबडे"
"डॉ,दुर्गा,दास,बसू"
"संपा,तुकाराम,जाधव"
"तुकाराम,जाधव"
"संक,लीलाधर,पाटील"
"विनायक,घायाळ"
"प्रा,के,ए,खतीब"
"व्ही,बी,पाटील"
"एस,जे,बापट"
"प्रा,चिं,ग,घांगरेकर"
"डॉ,बी,एल,ग्रोवर"
"ए,बी,सवदी"
"उमेश,कपनवर"
"अविनाश,धर्माधिकारी"
"जयप्रकाश,कस्तुरे"
"डॉ,तुषार,घोरपडे"
"अमोल,ल,घोडके"
"प्रा,उमेश,मुंडे"
"एकनाथ,पाटील"
"पंढरीनाथ,राणे"
"सुजित,पवार"
"तुकाराम,जाधव"
"बाळासाहेब,शिंदे"
"प्रा,अरुण,गोसावी"
"नितीन,महाळे"
"प्रा,राम,पवार"
"प्रवीण,रुस्तम,जाधव"
"प्रा,संजय,खंडारे"
"अच्युत,गोडबोले"
"भरत,आंधळे"
"किरण,भोसले"
"देव,जाधव"
"प्रकाश,गायकवाड"
"अनु,उमा,बेडेकर"
"श्रीनिवास,मोकळीकर"
"श्री,रंजन,कोळंबे"
"प्रा,एच,के,डोईफोडे"
"डॉ,राजेंद्र,भाकड"
"रामचंद्र,पाटील"
"लीलाधर,पाटील"
"श्री,रंजन,कोळंबे"
"प्रवीण,रुस्तम,जाधव"
"प्रवीण,रुस्तम,जाधव"
"प्रवीण,रुस्तम,जाधव"
"स्वप्न,जरग"
"श्री,चंद्रकांत,मिसाळ"
"प्रा,सतीश,वसे"
"प्रा,सतीश,वसे"
"दिलीप,कृ,करमपुरी"
"दिलीप,कृ,करमपुरी"
"ज्ञानेश्वर,मुळे"
"अर्चना,सातपुते"
"अर्चना,सातपुते"
"अमित,सातपुते"
"अमित,सातपुते"
"शिवराज,गोर्ले"
"जोगिंदर,सिंग"
"यूहो,ओकावा"
"अच्युत,गोडबोले"
"अच्युत,गोडबोले"
"भालचंद्र,साठे"
"अशोक,पाध्ये"
"पुष्पा,ठाकूर"
"प्रसाद,ढापरे"
"श्याम,मानव"
"सुजाता,गोडबोले"
ओशो
ओशो
"चंद्रकांत,भोपाल"
सरश्री
"राजू,शेट्टी"
"अवंती,महाजन"
"अनिल,अवचट"
"प्रज्ञा,कुलकर्णी"
"स्मिता,मैड"
"आर,डी,मुनोत"
"सुलक्षण,महाजन"
शिवखेरा
"शुभदा,पटवर्धन"
"सुरेश,भट"
"अच्युत,गोडबोले"
"डॉ,विशाल,तायडे"
सरश्री
"सौ,सुलमा,गाडगीळ"
"यश,राय"
"प्रीती,वडणेकर"
"माधुरी,शानबाग"
"डॉ,प्रमोद,जोगळेकर"
"विश्वास,पाटील"
"विद्या,फडके"
"डॉ,वृंदा,चाफेकर"
"संजय,पंडित"
"डॉ,बडे"
"डॉ,संग्राम,पाटील"
"जा,स,इनामदार"
"रमा,नायगौडा"
"डॉ,वृंदा,चाफेकर"
"आनंद,पाटील"
"नागेश,मीने"
"डॉ,मिलिंद,पोतदार"
"करुणा,शेवते"
"अतुल,कहाते"
"डॉ,रमा,मराठे"
"श्री,अच्युत,गोडबोले"
विद्यागौरी
"डॉ,विठ्ठल,गाड"
"रॉन्डा,बर्न"
"रॉन्डा,बर्न"
"अनिल,अवचट"
"डॉ,उदय,निरगुडकर"
"प्रताप,पवार"
"अनिल,शिन्दे"
"वंदना,धर्माधिकारी"
संपादक
"डॉ,लिला,दीक्षित"
"डॉ,माधवी,मेहंदळे"
"अरुण,शेवते"
"तारा,धर्माधिकारी"
"पेंडसे,नाईक"
"रविन,मायदेव,थत्ते"
"मंगला,गोडबोले"
"चंद्रशेखर,धर्माधिकारी"
"विकास,देशपांडे"
"स,आ,सप्रे"
"महेश,अलापुरे"
"अपर्णा,रामदास"
"हेमंत,आवळसकर"
"सलमान,रिझवी"
"संजय,राऊत"
"महेश,केळुसकर"
"अमीर,मीर"
"माधवी,कुंठे"
"अमित,गोळवळकर"
"सदानंद,घासकडवी"
"प्रवीण,दवणे"
संपादक
"गोपाळ,जोशी"
"राहुलकर,पंडिता"
"वसुंधरा,पटवर्धन"
"डॉ,सरकार"
"चंद्रकांत,खोत"
"अच्युत,गोडबोले"
"अच्युत,गोडबोले"
"प्रतिमा,देशपांडे"
"डॉ,अग्रवाल"
"मनोज,अंबिके"
"डॉ,अग्रवाल"
"अशोक,पाध्ये"
"प्रगती,कोळगे"
"लोकिरा,शेवडे"
"वसुंधरा,तारकर"
"मंगला,कळसे"
"साहेबराव,ठाणगे"
"शैलजा,शेवडे"
ताम्हणे
ताम्हणे
"बाळ,गाडगीळ"
"डॉ,लीला,दीक्षित"
"वृंदा,भार्गवे"
"मुकुंद,पोतदार"
"अरुण,शेवते"
"नारायण,सुर्वे"
"श्रीकांत,ठाकरे"
"नचिकेत,गद्रे"
"विनीता,जोशी"
"डॉ,गोखले"
"कांचन,बापट"
"भगवान,दातार"
"मेरी,रोडीज"
"शिरीष,पै"
"विलास,जाधव"
"प्रल्हाद,अप्रे"
"लालन,सारंग"
"हेमंत,आवकसकर"
"श्याम,पेंढारी"
"श्याम,पेंढारी"
"ललिता,ताम्हाणे"
"प्रशांत,पाटील"
"प्रसाद,ढापरे"
"मनोज,अंबिके"
"मनोज,अंबिके"
"प्रदीप,कर्णिक"
"रविन्द्र,तांबोळी"
"राजन,खान"
"केशव,मेश्राम"
"सुमेध,तडावाला"
"मीना,देशपांडे"
"एम,पी,एस,सी"
"एम,पी,एस,सी"
"प्रल्हाद,केशव,अत्रे"
"अरविंद,झारापकर"
"जयश्री,दि,पाठक"
"रवी,परांजपे"
"ऍड,वि,पु,शिंत्रे"
"प्रशांत,कुलकर्णी"
"उषा,मुळे"
"द्वारकानाथ,संझगिरी"
"सुप्रिया,विनोद"
"मुकुंद,टाकसाळे"
"कॅ,आनंद,ज,बोडस"
"द्वारकानाथ,संझगिरी"
"प्रवीण,दवणे"
"डॉ,सुरेश,नाडकर्णी"
"विलास,गंगावणे"
"वि,शं,चौघुळे"
"मुकुंद,टाकसाळे"
"विजय,पाडळकर"
"ज्ञानदा,नाईक"
"वनिता,देशमुख"
"श्यामला,वनारसे"
"डॉ,श्रीकांत,जोशी"
"डॉ,सुहास,जोशी"
"डॉ,शेखर,आंबर्डेकर"
"दादाजी,गावंड"
"व्यंकटेश,बोर्गीकर"
"बिपीन,मयेकर"
"नितीन,पोतदार"
"डॉ,आश्विनी,भालेराव"
"शंकर,सखाराम"
"गो,नी,दाण्डेकर"
"सुंनदा,अमरापूरकर"
"हरिहर,वामन,देशपांडे"
"हरिहर,वामन,देशपांडे"
"शरू,रांगणेकर"
"बिंदुमाधव,खिरे"
"बिंदुमाधव,खिरे"
"गोविंद,तळवलकर"
"सरोजिनी,वैदय"
"सौ,शुभदा,पटवर्धन"
"शेषराव,मोरे"
"जितेंद्र,दीक्षित"
"भीष्मराज,बाम"
"मधुकर,धर्मा,पुरीकर"
"यश,राय"
"अरुण,देशमुख"
"श्रीनिवास,हौसास"
"श्रीनिवास,हौसास"
"डॉ,पी,एस,रामाणी"
"अश्विनी,लाटकर"
"सुहास,कुलकर्णी"
"सुहास,पळशीकर"
"विजय,चोरमारे"
"शिरीष,कणेकर"
"नीला,सत्यनारायण"
"मधुकर,सोनवणे"
"मंगला,गोडबोले"
"सचिन,रायलवार"
"जोसेफ,तुस्कानो"
"डॉ,शिवाजीराव,ठोंबरे"
सरश्री
"शामसुंदर,मुळे"
"महावीर,जोंधळे"
"संपा,मंदार,जोशी"
"हृषिकेश,पाळंदे"
"किरण,रामचंद्र"
"मनोहर,सप्रे"
"जोगिन्दर,सिंह"
"डॉ,रमा,मराडे"
"विद्या,अंबिके"
सरश्री
"यशवंत,पाठक"
"प्रवीण,बर्दापूरकर"
"माणिक,कानेड"
"विलास,मनोहर"
"विलास,मनोहर"
"राजीव,साने"
"अभिजित,थिटे"
"दि,य,देशपांडे"
"डॉ,उपेंद्र,किंजवडेकर"
"रत्नाकर,महाजन"
"डॉ,उज्वला,दळवी"
"डॉ,रमा,मराठे"
सरश्री
"सचिन,मधुकर,परांजपे"
"स,पा,देशपांडे"
"दिलीप,चावरे"
"लीला,पाटील"
"वीरेंदर,कपूर"
"विद्या,बाळ"
"संजय,कप्तान"
"मृणाल,तुळपुळे"
"विनायक,चांदगुडे"
"डॉ,प्रतिमा,इंगोले"
"अनिल,अवचट"
"अनिल,अवचट"
"भारत,गजेंद्रगडकर"
"अरुण,शेवते"
रणजित
"सुहास,क्षीरसागर"
"शैलेश,देशपांडे"
"वीणा,देव"
"अमोल,कडू"
"पद्मजा,फाटक"
"सुर्या,सिन्हा"
"डॉ,अरुणा,कौलगुड"
"एस,आर,चिटणीस"
"मानसी,दांडेकर"
"प्रशांत,तळणीकर"
"शोभना,शिकनीस"
"प्रमोद,शेजवळकर"
"प्रमोद,शेजवळकर"
"सुमिता,बोरसे"
"सुजाता,राऊत"
"अशोक,पाथरकर"
"डॉ,विजया,बापट"
"मयुरी,गांधी"
"सुभाष,जोशी"
"मीना,टाकळकर"
"भरती,देशपांडे"
"डॉ,वृषाली,पटवर्धन"
"माधुरी,काबरे"
"प्रज्ञा,ओक"
"स्वाती,चांदोरकर"
"मीना,टाकळकर"
"प्रज्ञा,ओक"
"भरती,पांडे"
"मृणालिनी,गडकरी"
"स्वाती,चांदोरकर"
"मीना,टाकळकर"
"संजय,गोळे"
"प्रा,तुषार,कुटे"
"करुणा,गोखले"
"रॉन्डा,बर्न"
"श्री,रंजन,कोळंबे"
"रॉन्डा,बर्न"
"डॉ,रेणू,मेहतानी"
"राधाकृष्ण,पिल्लई"
"विजया,राजाध्यक्ष"
"सुधीर,शं,कुलकर्णी"
"सुरेश,हावरे"
"डॉ,नीना,सावंत"
"यशवंत,कुलकर्णी"
"प्रगती,कोळगे"
"डॉ,सुरेश,नाडकर्णी"
"डॉ,माधवी,मेहेंदळे"
"धवल,बाथिया"
"प,रवींद्र,पाटील"
"प्रा,रवींद्र,पाटील"
"मधुमालती,शेवाळे"
"श्री,वामनराव,पै"
"संपा,तुकाराम,जाधव"
"तुकाराम,जाधव"
"तुकाराम,जाधव"
"तुकाराम,जाधव"
"अमोल,लक्ष्मण,घोडके"
"तुकाराम,जाधव"
"संपा,तुकाराम,जाधव"
"मनोहर,भोळे"
"संपा,देवा,जाधवर"
"मनोहर,भोळे"
"मनोहर,भोळे"
"चंद्रकांत,गोरे"
"चंद्रकांत,गोरे"
"एम,जे,शेख"
"डॉ,तुषार,घोरपडे"
"सुजित,पवार"
"ओम,खरात"
"समाधान,महाजन"
"राजूचंदन,पाटील"
"अपर्णा,दीक्षित"
"संक,कपिल,शामराव,हांडे"
"स्वामी,विज्ञानानंद"
"स्वामी,विदानानंद"
"स्वामी,विवेकानंद"
"स्वामी,विज्ञानानंद"
"स्वामी,विज्ञानानंद"
"स्वामी,विज्ञानानंद"
"स्वामी,विज्ञानानंद"
"स्व,विज्ञानानंद"
"स्वामी,विज्ञानानंद"
"स्वामी,विज्ञानानंद"
"स्वामी,विज्ञानानंद"
"स्वामी,विज्ञानानंद"
"स्वामी,विज्ञानानंद"
"स्वामी,विज्ञानानंद"
"स्वामी,विज्ञानानंद"
"स्वामी,विज्ञानानंद"
"स्वामी,विज्ञानानंद"
"स्वामी,विज्ञानानंद"
"स्वामी,विज्ञानानंद"
"स्वामी,विज्ञानानंद"
"स्वामी,विज्ञानानंद"
"स्वामी,विज्ञानानंद"
"स्वामी,विज्ञानानंद"
"स्वामी,विज्ञानानंद"
"स्वामी,विज्ञानानंद"
"स्वामी,विज्ञानानंद"
"स्वामी,विज्ञानानंद"
"स्वामी,विज्ञानानंद"
"स्वामी,विज्ञानानंद"
"स्वामी,विज्ञानानंद"
"स्वामी,विज्ञानानंद"
"स्वामी,विज्ञानानंद"
"स्वामी,विज्ञानानंद"
"संक,प्रमोदभाई,शिंदे"
"संक,प्रमोदभाई,शिंदे"
"संक,प्रमोदभाई,शिंदे"
"ग,श्री,केळकर"
"स्वामी,विज्ञानानंद"
"स्वामी,विज्ञानानंद"
"स्वामी,विज्ञानानंद"
"स्वामी,विज्ञानानंद"
"स्वामी,विज्ञानानंद"
"स्वामी,विज्ञानानंद"
"स्वामी,विज्ञानानंद"
"स्वामी,विज्ञानानंद"
"स्वामी,विज्ञानानंद"
"स्वामी,विज्ञानानंद"
"स्वामी,विज्ञानानंद"
"स्वामी,विज्ञानानंद"
"स्वामी,विज्ञानानंद"
"स्वामी,विज्ञानानंद"
"स्वामी,विज्ञानानंद"
"ग,श्री,केळकर"
"स्वामी,विज्ञानानंद"
"स्वामी,विज्ञानानंद"
"स्वामी,विज्ञानानंद"
"स्वामी,विज्ञानानंद"
"स्वामी,विज्ञानानंद"
"स्वामी,विज्ञानानंद"
"स्वामी,विज्ञानानंद"
"स्वामी,विज्ञानानंद"
"स्वामी,विज्ञानानंद"
"स्वामी,विज्ञानानंद"
"स्वामी,विज्ञानानंद"
"स्वामी,विज्ञानानंद"
"स्वामी,विज्ञानानंद"
"स्वामी,विज्ञानानंद"
"डॉ,वर्षा,तोडमल"
"डॉ,वर्षा,तोडमल"
"अनु,मानसी,दांडेकर"
"अनु,अजित,ठाकूर"
"अनु,डॉ,मीना,शेटे"
"डॉ,दीपक,शिकारपूर"
"अनु,सुजाता,गोडबोले"
"अनु,मानसी,दांडेकर"
"विद्याधर,वैद्य"
"अनु,शर्मिला,रानडे"
"डॉ,दीपक,शिकारपूर"
"डॉ,दीपक,शिरकापुर"
"प्रा,हेमंत,केशव,अभ्यंकर"
"डॉ,सुषमा,देशमुख"
"डॉ,राजू,वानरे"
"विनायक,रत्नपारखी"
"प्रकाश,निकुंभ"
"डॉ,विनिता,आपटे"
"डॉ,बाबासाहेब,आंबेडकर"
"डॉ,बाबासाहेब,आंबेडकर"
"प्रा,जा,फुले,गुरुजी"
"ललिता,गादगे"
"चांगदेव,खौरमोडे"
"जयदेव,गायकवाड"
"देविदास,फुलारी"
"डॉ,शंभुनाथ,कहाळेकर"
"डॉ,जी,पी,माळी"
"प्रा,आर,एस,जोशी"
"विजय,सदाशिव,माने"
"डॉ,अनुपम,उजगरे"
"फ,म,शहाजिंदे"
"संपा,शा,श्री,गवळी"
"रजनी,हिरळीकर"
"अनुराधा,फाटक"
"ललिता,गादगे"
"ज्ञानेश्वर,कोळवेकर"
"डॉ,उर्मिला,चाकूरकर"
"डॉ,नीलकंठ,मेंढे"
"अनु,शारदा,साठे"
"डॉ,भारत,पाटणकर"
"डॉ,बाबासाहेब,आंबेडकर"
"डॉ,एलिनॉर,झेलिस"
"अनु,दीपक,उपाध्ये"
"रामनाथ,रामदेव,चव्हाण"
"अरविंद,पुराणिक"
"शमसुल,इस्लाम"
"अनु,गौतम,शिंदे"
"डॉ,बाबासाहेब,आंबेडकर"
"डॉ,बाबासाहेब,आंबेडकर"
"महात्मा,ज्योतिराव,फुले"
"संक,विल्सन,मोरवाडे"
"पांडुरंग,रा,फळदेसाई"
"गुलबाळ,माळी"
"शिवसांब,कापसे"
"शिवसांब,कापसे"
"भाऊ,लोखंडे"
"ज्योतिराव,गो,फुले"
"डॉ,राजेंद्र,ज,कांबळे"
"सुधाकर,साटोणे"
"अनु,श्रावण,फरकाडे"
"आ,ह,साळुंखे"
"डॉ,प्रदीप,गोखले"
"एलिनॉर,झेलियट"
"डॉ,सुभाष,सावरकर"
"रवींद्र,जवादे"
"डॉ,अंजली,जोशी"
"सौ,चित्रा,क्षीरसागर"
"डॉ,बाबासाहेब,देसाई"
"डॉ,सुभाष,सावरकर"
"डॉ,सुभाष,सावरकर"
"प्रकाश,रा,क्षीरसागर"
"जयदेव,गायकवाड"
"डॉ,मिलिंद,तायडे"
"अनुराधा,फाटक"
"अनुराधा,फाटक"
"नामदेव,ठसाल"
"नामदेव,ठसाल"
"संपा,जयदेव,गायकवाड"
"संपा,जयदेव,गायकवाड"
"अनु,अभय,टिळक"
"अनु,अभयानंद,टिळक"
"डॉ,बाबासाहेब,आंबेडकर"
"डॉ,बाबासाहेब,आंबेडकर"
"डॉ,वि,द,करंदीकर"
"संपा,विश्वास,सावरकर"
"सौ,कुंकुमा,बेऊरगावकर"
"डॉ,जगदीश,कर्मळकर"
"डॉ,सच्चिदानंद,शेवडे"
"मंगेश,तेंडुलकर"
"डॉ,संजय,उपाद्ये"
"अनिल,बालेल"
"रमेश,पतंगे"
"निनाद,बेंडेकर"
"संपादक,अनिल,बलेलं"
"अनु,विनीत,कुंबेर"
"देणगीस्वमी,बुधानंद"
"सौ,सुनीला,सोवनी"
"डॉ,अरविंद,गोडबोले"
"रविप्रकाश,कुलकर्णी"
"रविप्रकाश,कुलकर्णी"
"के,सागर"
"ऍड,राम,शेलकर"
"चंद्रकांत,तुकाराम,घाटगे"
"स्वडी,सर्कल"
"स्वडी,सर्कल"
"स्वडी,सर्कल"
"स्वडी,सर्कल"
"स्वडी,सर्कल"
"स्वडी,सर्कल"
"स्वडी,सर्कल"
"प्रा,यजुवेंद्र,महाजन"
"लीना,मेहेंदळे"
"श्री,धनंजय,मंगरूळकर"
"श्री,धनंजय,मंगलरूळकर"
"डॉ,किरण,जी,देसले"
"जयदीप,पाटील"
"रामचंद्र,पाटील"
"डॉ,राजेंद्र,भारूड"
"अच्युत,गोडबोले"
"संपा,मनोज,व,अर्चना,जोशी"
"संपा,चंद्रकांत,मिसाळ"
"चंद्रकांत,मिसाळ"
"प्रा,मीता,चौधरी"
"प्रा,मीता,चौधरी"
"राजपथ,अकॅडमी"
"राजपथ,अकॅडमी"
"प्रा,मीता,चौधरी"
"प्रा,मीता,चौधरी"
"प्रा,मीता,चौधरी"
"व,पु,काळे"
"प्रा,मीता,चौधरी"
"राजपथ,अकॅडमी"
"श्री,रंजन,कोळंबे"
"श्री,रंजन,कोळंबे"
"श्री,रंजन,कोळंबे"
"किशोर,लवटे"
"श्री,महेश,शिंदे"
"कैलास,परमेश्वर,अंडील"
"महेश,राजाराम,शिंदे"
"महेश,राजाराम,शिंदे"
"अविनाश,धर्माधिकारी"
"अविनाश,धर्माधिकारी"
"विनया,धात्रक"
"श्री,दत्ता,सांगोळकर"
"प्रा,सतीश,वसे"
"प्रा,सतीश,वसे"
"बाळासाहेब,शिंदे"
"बाळासाहेब,शिंदे"
"विठ्ठल,पुंगळे"
"विठ्ठल,पुंगळे"
"प्रा,दत्तात्रय,डी,कुंभार"
"प्रा,दत्तात्रय,डी,कुंभार"
"प्रा,दत्तात्रय,डी,कुंभार"
"प्रा,दत्तात्रय,डी,कुंभार"
"प्रा,दत्तात्रय,डी,कुंभार"
"प्रा,राम,पवार"
"नितीन,तोडकर"
"श्री,एकनाथ,रामचंद्र,पाटील"
"श्री,एकनाथ,रामचंद्र,पाटील"
"श्री,एकनाथ,रामचंद्र,पाटील"
"गजानन,वानखेडे"
"दत्ता,वानखेडे"
किरण
"संपा,अतुल,लांडे"
"श्री,राजेश,भराटे"
"प्रा,बळीराम,राजाराम,घावले"
"बिनय,कामा"
"बिनय,कामा"
"डॉ,आर,एस,अग्रवाल"
"अमृतेश,औरंगाबादकर"
"अड़वोकेट,महेश,काबरा"
"आशिष,घोरपडे"
"रागिणी,देशमुख"
"प्रा,प्रकाश,विठ्ठलराव,पंढारे"
"नितीन,महाले"
"नितीन,महाले"
"नितीन,महाले"
"डॉ,अनिल,कठारे"
"मोहन,आपटे"
"संदीपकुमार,साळुंखे"
"संदीपकुमार,साळुंखे"
"डॉ,विठ्ठल,प्रभू"
"डॉ,विठ्ठल,प्रभू"
"शिवा,खेडा"
"अनु,अश्विनी,लाटकर"
"अजय,ताम्हणे"
"सुजाता,भाटकर"
"सुरेश,शिंगटे"
"सावळीराम,तिदमे"
"डॉ,उषा,रवंदारे"
सरश्री
"राम,चरण"
"डॉ,सच्चीदानंद,शेवडे"
"उत्कर्षकुमार,आठवले"
"जीवन,साळोखे"
"चंद्रकांत,आर,महामिने"
"रमेश,उदारे"
"डॉ,राजशेखर,बालेकर"
"राजकुंवर,गं,सोनावणे"
"यशोधरा,काटकर"
"वैशाली,जोशी"
"डॉ,विनीता,परांजपे"
"डॉ,सुचिता,तांबोळी"
"माधुरी,शानभाग"
"सुषमा,जोशी"
"सुषमा,जोशी"
"डॉ,सुधीर,राशिंगकर"
"दिलीप,र,मालवणकर"
"विश्वास,पाटील"
"ज्ञानेश्वर,मिडगुळे"
"नीलिमा,भट"
"जयराम,गंगाधर,नारगोळकर"
"ज्ञानेश्वर,गोविंद,घुमटकर"
"सौ,सुनीला,सोवनी"
सरश्री
"दत्ता,सांगोळकर"
"संपा,डॉ,आनंद,पाटील"
"प्रा,सुधीर,पोतदार"
"संपा,डॉ,आनंद,पाटील"
"प्रा,सुभाष,साळुंके"
"के,सागर"
"के,सागर"
"भिष्मराज,बाम"
"विश्वास,पाटील"
"अनु,प्रशांत,तळणीकर"
"अनु,नीला,चांदोरकर"
"विश्वास,पाटील"
"प्रा,डॉ,बाळ,कांबळे"
"डॉ,सतीश,श्रीवास्तव"
"डॉ,अनिल,लचके"
संपादक
"सुधीर,बिराजे"
"चौधरी,लाँ"
"रा,नि,देशमुख"
"तरुण,गोयल"
नवदीप
"शिवाजी,मुंढे"
"प्रा,ज्ञानेश्वर,बा,मगर"
"पंढरीनाथ,राणे"
"वा,ना,दांडेकर"
"देवा,जाधवर"
संपादक
"उमेश,रुपनवर"
"सोनाली,नानासाहेब,भुसारे"
"प्रतियोगिता,दर्पण"
"चंद्रकांत,मिसाळ"
"राजेश,भराटे"
"मो,रा,वाळंबे"
"ए,बी,सवदी"
संपादक
"प्रा,बस्वदे"
"श्रीकांत,श्रीकिसन,तायडे"
"समाधान,निमसरकार"
"प्रकाश,गायकवाड"
"श्री,प्रदीप,सानप"
"डॉ,एम,व्ही,काळे"
"वृषाली,संजय,होनराव"
"अनिल,अंकलगी"
"चंद्रकांत,गोरे"
"चंद्रकांत,गोरे"
"प्रा,अमरदीप,होटी"
"श्री,मधुकर,कोकाटे"
"प्रा,मच्छिन्द्र,एकनाथ,शिंदे"
"प्रा,एस,एस,सोनावणे"
"उमेश,रुपनवर"
"राजेश,अशोक,चौधरी"
"नितीन,महाले"
"शब्दां,अशोक,शेवडे"
"डॉ,लीना,मोबडीकर"
"अनु,न,ब,पाटील"
"निमिष,वा,पाटगावकर"
सरश्री
"डॉ,अनिल,गांधी"
"जे,ए,दलाल"
"मा,गो,वैटा"
"अमोल,अशोक,आगवेकर"
"वर्षा,गजेंद्र,गडकर"
"स्मिता,प्रकाश,जोशी"
"माधुरी,तळवळकर"
"डॉ,सुरुची,पांडे"
"डॉ,श्रुती,पानसे"
"डॉ,श्रुती,पानसे"
"अरविंद,केजरीवाल"
"सुहेलसेठ,व,सनी,सेन"
"उत्तम,कांबळे"
"उत्तम,कांबळे"
"वर्षा,गजेंद्र,गडकर"
"कविता,राव"
सरश्री
सरश्री
सरश्री
"सुनंदन,लेले"
"सुनंदन,लेले"
"आकार,पटेल"
"आर,गोपाळकृष्णन"
"शिवराज,गोळे"
"उत्तम,कांबळे"
"स्वाती,कुलकर्णी"
"वर्षा,गजेंद्र,गडकर"
"डॉ,सदानंद,मोरे"
"शरथ,कौमारराजू"
संपादक
"ऍड,गोविंद,पटवर्धन"
"डॉ,एस,पी,गायकवाड"
"डॉ,शैलेंद्र,देवळाणकर"
"मंदार,कवठे"
"प्रदीप,पेठे"
"प्रदीप,पेठे"
"डॉ,कृष्ण,मस्तुद"
"लीना,सोलोनी"
"डॉ,अनिल,गांधी"
"अतुल,कहाते"
"व,पु,काळे"
"डॉ,विठ्ठल,प्रभू"
"मंगला,गोखळे"
"शोभा,बोन्द्रे"
"जयंत,विठ्ठल,कुलकर्णी"
"द्वारकानाथ,संज्ञागिरी"
"जयराज,साळगावकर"
"द,दि,पुंडे"
"द,पा,खांबेठे"
"डॉ,श्रीकांत,जोशी"
"डॉ,आनंद,नाडकर्णी"
"इंजि,हेमचंद्र,शिंदे"
"संक,डॉ,रमाकांत,देशपांडे"
"स्वाती,कर्वे"
"सुरेश,सातपुते"
"रविकिरण,साने"
"अनघा,देशपांडे"
सरश्री
"किरण,पुरंदरे"
"अतुल,कहाते"
"सुप्रिया,वकील"
"नीता,गंद्रे"
"शुभांगी,खासनीस"
"अवीनाश,ताडफळे"
"वर्षा,वेलणकर"
"अच्युत,गोडबोले"
"अच्युत,गोडबोले"
"डॉ,वि,मा,वाचाळ"
"अकण,टिकेकर"
"अकण,टिकेकर"
"अकण,टिकेकर"
"ह,अ,भावे"
"श्री,ह,अ,भावे"
"श्री,स्वामी,प्रभू,पाद"
"प्र,ग,सहस्रबुद्धे"
"श्री,वामनराव,पै"
सरश्री
"डॉ,गजानन,श्रीपत,खैर"
"डॉ,गजानन,श्रीपाद,खैर"
"डॉ,अरविंद,स,गोडबोले"
संपादक
"व,पु,काळे"
"विनायक,दामोदर,सावरकर"
"रंगा,दाते"
सरश्री
सरश्री
"डॉ,राजेंद्र,बर्वे"
"श्याम,तळवडेकर"
"रघुवीर,कुल"
"आचार्य,श्री,नानालालजी,म,सा"
"सुरेश,द्वादशीवार"
"के,सी,कारकर"
"प्रा,महेश,साचणे"
"प्रा,दांडेकर"
"विष्णू,औटी"
"उमेश,प्रभाकर,पांचाळ"
"उमेश,प्रभाकर,पांचाळ"
"उमेश,प्रभाकर,पांचाळ"
संपादक
संपादक
"के,कुन्दन"
"के,कुन्दन"
"डॉ,आर,एस,अग्रवाल"
"व,शं,जोशी"
"श,म,खंदारे"
संपादक
"अतुल,लांडे"
"अनिल,अंकलगी"
संपादक
"शेखर,गायकवाड"
"रा,म,खंदारे"
"प्रा,ज्ञानेश्वर,बा,मगर"
"प्रा,ज्ञानेश्वर,बा,मगर"
"मो,रा,वाळंबे"
"नितीन,तोडकर"
"पंढरीनाथ,राणे"
संपादक
"के,सागर"
"एम,लक्ष्मीकांत"
"के,सागर"
"व्ही,एन,स्वामी"
"प्रा,अमरदीप,घोटी"
"डॉ,शिवाजी,जाधव"
"सीए,अभिजित,बोबडे"
"नितीन,महाले"
"अनिल,कोलते"
"अनिल,कोलते"
"श्री,अशोक,आवंतकर"
"जयप्रकाश,कस्तुरे"
"प्रा,सौ,स्वाती,कस्तुरे"
"जयप्रकाश,कस्तुरे"
"दत्ता,वानखेडे"
"दत्ता,वानखेडे,विकास,मुळे"
"प्रा,गजानन,व्ही,पंढारे"
"प्रा,सतीश,वसे"
"देवा,जाधवर"
"राहुल,पाटील"
"डॉ,एस,एस,गाठाळ"
"डॉ,एस,एस,गाठाळ"
"प्रा,सतीश,वसे"
"प्रा,सतीश,वसे"
"प्रा,सतीश,वसे"
"सौ,मुक्त,मुंढे"
"बाळासाहेब,शिंदे"
"बाळासाहेब,शिंदे"
"बाळासाहेब,शिंदे"
"अनिल,कोलते"
"रंजन,कोळंबे"
"रंजन,कोळंबे"
"रंजन,कोळंबे"
"रंजन,कोळंबे"
संपादक
संपादक
संपादक
"प्रदीप,सानप"
"चंद्रकांत,गोरे"
"प्रा,डॉ,एस,एस,गाठाळ"
"प्रा,मिलिंद,जाधव"
"एकनाथ,रामचंद्र,पाटील"
"प्रा,डी,डी,कुंभार"
"प्रा,कैलास,मोरे"
"प्रा,सोनवणे,एस,एस"
"रॉबिन,शर्मा"
"रॉबिन,शर्मा"
"रॉबिन,शर्मा"
"रॉबिन,शर्मा"
"रॉबिन,शर्मा"
"रॉबिन,शर्मा"
"रॉबिन,शर्मा"
"रॉबिन,शर्मा"
"रॉबिन,शर्मा"
"रॉबिन,शर्मा"
"रॉबिन,शर्मा"
"रॉबिन,शर्मा"
"अच्युत,गोडबोले"
"अच्युत,गोडबोले"
"अच्युत,गोडबोले"
"व,पु,काळे"
"डॉ,विजया,देशपांडे"
"सुप्रिया,वकील"
"डॉ,अरुण,मांडे"
"मानसी,दांडेकर"
"शुभदा,पटवर्धन"
"लीना,सोहोनी"
"प्रा,पुष्पा,ठक्कर"
"अवंती,महाजन"
"अवंती,महाजन"
"श्यामला,पेंडसे"
"श्यामला,पेंडसे"
"मयुरी,गांधी"
"सुधा,नरवणे"
"शुचिता,फडके"
"पॉल,ब्रन्टन"
"अनिता,मुरजानी"
"रानी,अहिल्या"
"रवींद्र,भट"
"डॉ,संज्योत,देशपांडे"
"डॉ,अनिल,गांधी"
"डॉ,शारदा,निर्मळ,महांडुळे"
"वैद्य,रुपाली,पानसे"
"अरुण,टिकेकर"
"डॉ,सुनीती,अशोक,देशपांडे"
"सुनील,बर्वे"
"संपा,मंदार,जोशी"
"डॉ,रवींद्र,व,डॉ,स्मिता,कोल्हे"
"डॉ,रवींद्र,आणि,डॉ,स्मिता,कोल्हे"
"सौ,रजनी"
"हिमांशू,भूषण,स्मार्त"
"डॉ,गिरीश,वाळवळकर"
"दीपक,नीलकंठ,बिचे"
"अतुल,आल्मेडा"
"संपा,अशोक,पानवलकर"
"अंबरीश,मिश्र"
"जगन्नाथ,कुंटे"
"रत्नाकर,मतकरी"
"प्रशांत,शांताराम,देशमुख"
"सौ,वैशाली,विजय,केतकर"
"डॉ,सुनिती,अशोक,देशपांडे"
"प्रा,श्याम,भुर्के"
"प्रा,श्याम,भुर्के"
"मनोहर,भोले"
"मंदार,गोडबोले"
"पुष्पा,ठक्कर"
"संपा,गिरीष,चव्हाण"
"डिपो,मंदार,जोशी"
"किरण,पुरंदरे"
"स्वामी,विवेकानंद"
"स्वामी,विवेकानंद"
"स्वामी,विवेकानंद"
"स्वामी,विवेकानंद"
"स्वामी,विवेकानंद"
"सदगुरु,श्री,वामनराव,पै"
"एस,एन,गोयंका"
"सुनील,चिंचोळकर"
"डॉ,बाबूराव,हिरडे"
"डॉ,बाबुराव,हिरडे"
"चौधरी,लॉ"
"विलास,गिते"
"डॉ,भारती,खेडकर"
वपु
"सुनीती,काणे"
"श्यामल,चितळे"
"डॉ,जयश्री,गोडसे"
"पूर्णिमा,कुंढेवकर"
"पूर्णिमा,कुंढेवकर"
"अशोक,राणे"
"दिलीप,ठाकूर"
"अनिल,अक्वाट"
"अनिल,अक्वाट"
"बी,जी,वाघ"
"शरद,बेडेकर"
"डॉ,शाम,अष्टेकर"
"डॉ,अरुण,लिमयें"
"मिलिंद,शिंदे"
"दिनकर,गांगल"
"डॉ,पी,एस,रामाणी"
"मनोज,अंबिके"
"अनुराधा,गोरे"
"अनुराधा,गोरे"
"प्रतीक,पुरी"
"साहेबराव,ठाणगे"
"माधवी,कुंटे"
"प्रा,डॉ,मच्छिन्द्रनाथ,नागरे"
"श्री,निवास,घईसार"
"विजयराज,बौधनकार"
"करुणा,वामन,पितळे"
"मानसी,दांडेकर"
"यशवंत,व्हटकर"
"आश्लेषा,गोरे"
"निमिष,वा,पाटगांवकर"
"सायली,गोडसे"
"डॉ,मीना,शेटे"
"सौ,उज्ज्वला,जोशी"
"अंजली,पेंडसे"
"अतुल,कहावे"
"राजेश,पाटील"
"रगु,नाथ,लोणकर"
"राजेंद्र,खरे"
"डॉ,मीना,शेटे"
"आशा,राणे"
"दीपक,हैसास"
"मनोज,आंबिके"
"मनोज,अंबिले"
"अरविंद,पेंडसे"
"शोबिन,शर्मा"
"ज्ञानेश्वर,भोसले"
"शरद,बेंडेकर"
"शरद,बेंडेकर"
"डॉ,वीणा,सानेकर"
"उर्मिला,सुधीर,सावंत"
"एस,बी,पवार"
"प्रा,व,बा,बोधे"
"फ,म,शहाजिद"
"डॉ,रवींद्रनाथ,टोणगावकर"
"प्रवीण,दवणे"
"रमेश,गुप्ता"
"श्रीनिवास,हौसास"
"श्रीराम,लागू"
"भूषण,कोरगांवकर"
"नविन,काळे"
"प्रकाश,ज,वाणी"
"इरावती,कर्णिक"
"अनु,सुधा,मखणे"
"वि,स,खांडेकर"
"संजीव,परळीकर"
"संपा,अनंत,दीक्षित"
"डॉ,अनिल,गांधी"
"निरंजन,घोटे"
"महादेव,मोरे"
"श,अ,कुंभारकर"
"सुप्रिया,वकील"
"डॉ,सुनीती,अशोक,देशपांडे"
"अनु,अनिल,किणीकर"
"अनु,नीता,गद्रे"
"अनु,विदुका,देशपांडे"
"लीना,सोहोनी"
"अनु,अपर्णा,वेळणकर"
"मनोहर,सोनवणे"
"अनु,नंदा,खरे"
"प्रा,पुरुषोत्तम,देशमुख"
"अनु,अंजनी,नखणे"
"प्रसाद,ढापरे"
"प्रसाद,ढापरे"
"प्रसाद,ढापरे"
"प्रसाद,ढापरे"
"अशोक,पाध्ये"
"अशोक,पाध्ये"
"प्रा,पुष्पा,ठक्कर"
"प्रा,पुष्पा,ठक्कर"
"प्रसाद,ढापरे"
"प्रसाद,ढापरे"
"प्रसाद,ढापरे"
"प्रसाद,ढापरे"
"डॉ,जयश्री,गोडसे"
"डॉ,जयश्री,गोडसे"
"पूर्णिमा,कुंडेटकर"
"पूर्णिमा,कुंडेटकर"
"श्यामल,चितळे"
"श्यामल,चितळे"
"श्यामल,पेंडसे"
"श्यामल,पेंडसे"
"श्यामल,पेंडसे"
"श्यामल,पेंडसे"
"उषा,महाजन"
"उषा,महाजन"
"उषा,महाजन"
"उषा,महाजन"
"रेवती,सप्रे"
"रेवती,सप्रे"
"रेवती,सप्रे"
"रेवती,सप्रे"
"अवंती,महाजन"
"अवंती,महाजन"
"डॉ,उल्हास,कोल्हटकर"
"डॉ,उल्हास,कोल्हटकर"
"अनिल,नेने"
"अनिल,नेने"
"अभिजित,जोग"
"अभिजित,जोग"
"सुभाष,अवचट"
"सुभाष,अवचट"
"अच्युत,गोडबोले"
"अच्युत,गोडबोले"
"अच्युत,गोडबोले"
"अच्युत,गोडबोले"
"गणेश,नीलकंठ,पुरंदरे"
"गणेश,नीलकंठ,पुरंदरे"
"अभिजित,थिटे"
"अभिजित,थिटे"
"रवींद्र,देसाई"
"रवींद्र,देसाई"
"सौ,माधुरी,सप्रे"
"सौ,माधुरी,सप्रे"
"सतीश,शेवाळकर"
"पिंकी,विराणी"
"सतीश,शेवाळकर"
"पिंकी,विराणी"
वपु
वपु
"वपु,काळे"
"वपु,काळे"
"वपु,काळे"
"वपु,काळे"
"वपु,काळे"
"वपु,काळे"
"वपु,काळे"
"वपु,काळे"
"वपु,काळे"
"वपु,काळे"
"आनंद,यादव"
"आनंद,यादव"
"आनंद,यादव"
"आनंद,यादव"
"अविनाश,भांगे"
"डॉ,वसू,भारद्वाज"
"उषा,महाजन"
"उषा,महाजन"
गोगटे
"सुभाष,जोशी"
"नीलिमा,जोशी"
"डॉ,जयसिंग,पवार"
"डॉ,जयसिंग,पवार"
"डॉ,जयसिंग,पवार"
"सुनीता,कट्टी"
"सुनीता,कट्टी"
"श्यामल,कुलकर्णी"
"श्यामल,कुलकर्णी"
"दिलीप,गोगटे"
"दिलीप,गोगटे"
"डॉ,वसु,भारद्वाज"
"डॉ,वसु,भारद्वाज"
"डॉ,जयश्री,गोडसे"
"डॉ,जयश्री,गोडसे"
"पूर्णिमा,कुंडेटकर"
संपादक
"उत्तम,माणूस"
"वर्षा,राजेंद्र,गडकर"
"वंदना,भागवत"
"नीला,सत्यनारायण"
"मंगळा,गोडबोले"
"उत्तम,कांबळे"
"मंगळा,गोडबोले"
"उत्तम,कांबळे"
सरश्री
"अडक,कहारे"
"अब्दुल,ककाम"
"आ,श्री,केतकर"
"रामजी,बलुत"
"सुप्रिया,वकील"
"जयप्रकाश,झेंडे"
"गणेश,व्ही"
सरश्री
"श्रीराम,पवार"
"श्रीराम,पवार"
"राजेश,ओहोळ"
"सुरेश,देव"
"डॉ,अनुराधा,कुलकर्णी"
"अ,ता,भोसले"
"विनायक,कुलकर्णी"
"सकाळ,प्रकाशन"
"डॉ,जयसिंगराव,पवार"
"प्रा,यादव,गायकवाड"
"गणेश,नीलकंठ,पुरंदरे"
"प्रतिमा,इंगोळे"
"अविनाश,दुधे"
"अनिल,अवचट"
"अनिल,अवचट"
"मुकुंदराज,कुलकर्णी"
संपादक
"प्रफुल्ल,कदम"
"डॉ,वृंदा,चापेकर"
"सुधाकर,बोडेकर"
"पल्लवी,अकोळकर"
"ऍड,अरुण,गो,देशमुख"
"रमेश,शंकर,पोतदार"
"वासुदेव,मुलाटे"
"डॉ,श्रीपाद,भालचंद्र,जोशी"
संपादक
"ऍड,सुनिता,पागे"
"प्रा,सतीशचंद्र,तोडणकर"
"डॉ,विजय,देशमुख"
"मनोज,पाटील"
"डॉ,दीपक,शिकारपूर"
"डॉ,सरला,वासुदेव,गोरे"
"सुधीर,रसाळ"
"सुधीर,रसाळ"
"वि,गो,कुलकर्णी"
"डॉ,श्रीपाल,सबनीस"
"डॉ,श्रीपाद,सबनीस"
"ललिता,श्रीपाळ,सबनीस"
"रमेश,पतंगे"
"माधुरी,शानभाग"
"प्रवीण,दवणे"
"डॉ,रा,श्री,मोरवंचीकर"
"मंगला,आठवलेकर"
"स्पेन्सर,जॉन्सन"
"डॉ,मृदुला,बेळे"
"करुणा,गोखले"
"डॉक्टर,सुलभा,ब्रह्मनाळकर"
"अनिल,अवचट"
"डॉक्टर,सच्चिदानंद,शेवडे"
"सीमा,नखाते"
"श्रीपाद,रघुनाथ,याज्ञीक"
"नीलिमा,भावे"
"संध्या,नरे,पवार"
"सुहास,शिरवळकर"
"मनस्वीनी,प्रभुणे"
"डॉ,संज्योत,देशपांडे"
"डॉ,सौ,स्नेहल,चाटुफळे"
"डॉ,दिलीप,गरुड"
"तंबी,दुराई"
"सौ,मंगल,पाटील"
"हेमंत,कर्णिक"
"डॉ,मनोहर,जोशी"
"वृषाली,कुलकर्णी"
"प्रतीक,पुरी"
"बी,एस,कुलकर्णी"
"डॉ,छाया,महाजन"
"वैद्य,सुचित्रा,कुलकर्णी"
"बिपीन,कार्यकर्ते"
"डॉ,रावसाहेब,कसबे"
"डॉ,रावसाहेब,कसबे"
"मिलिंद,चंपानेरकर"
"अच्युत,गोडबोले"
"अच्युत,गोडबोले"
"अच्युत,गोडबोले"
"अच्युत,गोडबोले"
"मिलिंद,डोळस"
"डॉ,वीणा,श्रीधर,सातपुते"
"वि,वा,शिरवाडकर"
"अनु,डॉ,पांढुरन्ग,कुलकर्णी"
"श्री,सौ,बा,सांडभोर"
"अण्णा,हजारे"
"काशीनाथ,मारुती,गोरे"
"काशीनाथ,मारुती,गोरे"
"कर्नल,सुधीर,नाईक"
"गिरीश,कुबेर"
"अनु,वर्षा,कुलकर्णी"
"वि,स,खांडेकर"
"डॉ,यशवंत,पाटणे"
"डॉ,यशवंत,पाटणे"
"संपा,विद्या,बाळा"
"डॉ,पांडुरंग,हरी,कुलकर्णी"
"डॉ,स्न,बी,चव्हाण"
"डॉ,स्न,बी,चव्हाण"
"जयसिंग,राव,पवार"
"प्रा,के,एम,भोसले"
"कौ,मौ,रा,वाळंबे"
"डॉ,अरुण,राजाराम,कुंभारे"
"दला,सांगोलकर"
"प्रा,जी,एस,पवार"
"अरुण,शेवते"
"अरुण,शेवते"
"अरुण,शेवते"
"अरुण,शेवते"
"डॉ,गिरीश,वालावलकर"
"सुनील,लवटे"
"प्रिया,कुमार"
"नीला,चांदोरकर"
"सुनीति,काणे"
"तापीकर,कंठी"
"डॉ,अस्मी,अच्यूते"
"सचिन,रायलवार"
"श्याम,भुर्के"
"ऍड,शुभदा,विद्वांस"
"मंजुषा,मुळे"
"प्रा,मधुकर,दिघे"
"सुरेश,शिंदे"
"विलास,ढोकळे,पाटील"
"अनुराधा,प्रभुदेसाई"
"अशोक,राणा"
"मीना,शेटे"
"सच्चिदानंद,शेवडे"
सरश्री
"शरतकुमार,माडगूळकर"
"सौ,रजनी,शशिकांत,दोशी"
"रतन,वैद्य"
सरश्री
"डॉ,सचिन,देशमुख"
"महेश,अन्नापुरे"
सरश्री
सरश्री
सरश्री
सरश्री
"निखिल,वागळे"
"प्रणव,सखदेव"
"डॉ,मधुकर,आष्टीकर"
"डॉ,मधु,निमकर"
"अनिल,अवचट"
"पंडित,विजयकुमार"
"अनिल,अवचट"
"जी,एम,देशपांडे"
"मंजिरी,पाटील"
"डॉ,बी,बी,येवले"
"प्रतिमा,भांड"
"अनिल,अवचट"
"रा,ना,चव्हाण"
"डॉ,मधुसूदन,चान्सरकर"
"रेमंड,ए,मूडी"
"जॉन,कोलासो"
"नीता,कुलकर्णी"
"प्रा,पुष्पा,ठक्कर"
"मुग्धा,कर्णिक"
"अच्युत,गोडबोले"
"अच्युत,गोडबोले"
"अच्युत,गोडबोले"
"सुलक्षणा,महाजन"
"प्रा,शिवाजीराव,भोसले"
"प्रा,शिवाजीराव,भोसले"
"श्रीकांत,धोंगडे"
"अरुण,शेवते"
"स्वामी,श्रीकांतानंद"
"स्वामी,विवेकानंद"
"विवेक,वेलणकर"
"प्रशांत,तळणीकर"
"सय्यद,जाकिर,अली"
"शेख,अब्दुल,हमीद"
"सय्यद,जाकिर,अली"
"वाल्मिक,वाडेकर"
"सुहास,कुलकर्णी"
"सदा,डुम्बरे"
"मुक्ता,चैतन्य"
"शकुंतला,क्षीरसागर"
"स्वाती,सुहास,कर्वे"
"प्रा,मधुकर,दिघे"
"प्रा,मधुकर,दिघे"
"प्रा,मधुकर,दिघे"
"डॉ,सलील,कुलकर्णी"
"डॉ,सलील,कुलकर्णी"
"अरविंद,व्यं,गोखले"
"डॉ,गिरीश,जाखोटिया"
"इसाक,मुजावर"
"अतुल,राजोळी"
"सुधाकर,घोडेकर"
"डॉ,कविता,राणे"
"डॉ,वैशाली,पवार"
"मधुरा,वेलणकर"
"मिलिंद,वा,गाडगीळ"
"मिलिंद,वा,गाडगीळ"
"श्रीराम,लागू"
"प्रा,सु,ह,जोशी"
"सुरेश,हावरे"
"संदीपकुमार,साळुंखे"
"डॉ,दीपक,शिकारपूर"
"शिरीष,कणेकर"
सरश्री
"डॉ,दीपक,शिकारपूर"
"सचिन,कुंडलकर"
"दीप्ती,राऊत"
"श्याम,मराठे"
"माधव,कर्वे"
"मीना,टाकळकर"
"वीणा,देव"
"इंदिरा,संत"
"प्रा,डॉ,राजशेखर,हिरेमठ"
"रा,अ,कुंभोजकर"
"गिरिजा,कीर"
"प्रा,डॉ,सुरेशचंद्र,नाडकर्णी"
"डॉ,वसंत,जोशी"
"संजय,सुखटणकर"
"शुभदा,विद्वांस"
"डॉ,विजया,बापट"
"सुनीति,काणे"
"वासंती,फडके"
"लता,रेळे"
"नीला,चांदोरकर"
"डॉ,अश्विनी,घैसास"
"सौ,शुभांगी,रानडे,बिंदू"
"आसावरी,सुश्रुत,बडवे"
"विद्या,अंबिके"
"प्रसाद,ढापरे"
"शुभदा,विद्वांस"
"सचिन,रायलवार"
"प्रा,पुष्पा,ठक्कर"
"शुभदा,विद्वांस"
सरश्री
"शान्तिलाल,सी,शहा"
"प्रमोद,शिंदे"
"के,सागर"
"प्रा,हावळे,बळीराम,राजाराम"
"प्रा,इद्रीस,खान,पठाण"
"प्रा,अतुल,कुलकर्णी"
"प्रा,चिं,ग,घांगरेकर"
"के,सागर"
"देवा,जाधवर"
"प्रा,डॉ,ब्रिजमोहन,दायमा"
"प्रा,चंद्रकांत,मिसाळ"
"के,सागर"
"दत्ता,सांगोलकर"
"के,सागर"
"श्री,चंद्रकांत,गोरे"
"के,सागर"
"के,सागर"
"दत्ता,सांगोलकर"
नवदीप
"डॉ,सुहासिनी,मुळीक"
"सौ,ए,एस,मुंढे"
नवदीप
"प्रा,अनंत,वाईकर"
"प्रा,अनंत,वाईकर"
"डॉ,आनंद,पाटील"
"डॉ,आनंद,पाटील"
"डॉ,आनंद,पाटील"
"चंद्रकांत,मिसाळ"
"देवा,जाधवर"
"व्ही,एन,स्वामी"
"देवा,जाधवर"
संपादक
"अरुण,पोतदार"
"एकनाथ,पाटील"
"व्ही,एन,स्वामी"
"डॉ,आनंद,पाटील"
"डॉ,आनंद,पाटील"
"चंद्रकांत,गोरे"
"नागेश,गव्हाणे"
"वामनराव,पै"
"गोवर्धन,आ,भोसले"
"अनिल,दिघे"
"अंजली,पेंडसे"
"जगन्नाथ,कुंटे"
संपादक
संपादक
संपादक
संपादक
संपादक
संपादक
संपादक
संपादक
संपादक
संपादक
संपादक
संपादक
संपादक
संपादक
संपादक
संपादक
संपादक
संपादक
संपादक
"व्ही,एन,स्वामी"
"सौ,साधना,नेतनकर"
"डॉ,अनिल,कठारे"
"dr,r,s,aggarwal"
"dr,r,s,aggarwal"
"विठ्ठल,पुंगळे"
"के,सागर"
"प्रा,प्रदीप,कमाले"
संपादक
"के,सागर"
"डॉ,राहुल,अरुण,सोनवणे"
"के,सागर"
"मनोहर,पाण्डे"
"मनोहर,पाण्डे"
"मनोहर,पाण्डे"
"मनोहर,पाण्डे"
"मनोहर,पाण्डे"
"मनोहर,पाण्डे"
"राजेश,भराटे"
"उमेश,रुपनवर"
"प्रा,राजकुमार,महारनवर"
संपादक
संपादक
संपादक
संपादक
"राजेश,भराटे"
संपादक
"ओम,शत्रुघ्न,खरात"
"डॉ,अरुण,कदम"
"डॉ,अजित,प्रकाश,थोरबोले"
"प्रा,वामन,गव्हाणे"
"महेश,राजाराम,शिंदे"
"प्रा,सतीश,वसे"
"बाळासाहेब,शिंदे"
"बालाजी,सुरणे"
"राजेश,भराटे"
"डॉ,तुषार,घोरपडे"
"प्रा,संजय,खंडारे"
"बाळासाहेब,शिंदे"
"महेश,शिंदे"
"प्रविण,इंदुमती,चोरमले"
"प्रा,सतीश,वसे"
"सुमंत,सुभाषराव,सोळंके"
"फिरोज,दिलावर,पठाण"
"सचिन,कुरुंद"
"प्रा,राजकुमार,महारनवर"
"यशोदा,टीम,पुणे"
"प्रा,सतीश,वसे"
"जयप्रकाश,कस्तुरे"
संपादक
"प्रा,शांताराम,अहिरे"
संपादक
संपादक
"सिद्धेश्वर,हाडबे"
संपादक
"डॉ,अजित,प्रकाश,थोरबोले"
"डॉ,सलील,कुलकर्णी"
"माधवराव,यादव"
"माधवराव,यादव"
"डॉ,सौ,सुनंदा,पालकर"
"अभिजित,घोरपडे"
"श्याम,भुर्के"
"अरविंद,परांजपे"
"मनोज,अंबिके"
"उन्मेष,गुजराथी"
"प्रा,व,बा,बोधे"
"सीए,उमेश,शर्मा"
"डॉ,जगन्नाथ,पाटील"
"प्रा,व,बा,बोधे"
"प्रा,व,बा,बोधे"
"डॉ,मेधा,खासगीवाले"
"ल्युईस,एल,हे"
सरश्री
"प्रीती,शेणॉय"
"नेपोलियन,हिल"
"डॉ,जोसेफ,मर्फी"
"प्रा,नामदेवराव,जाधव"
"मनोज,अंबिके"
"डॉ,विनिता,परांजपे"
"सुरेश,वसंत,नाईक"
"ऍड,बाबूराव,कानडे"
"व्यंकटेश,माडगूळकर"
"प्र,के,अत्रे"
"चार्ल्स,दुहीग"
"डॉ,एस,व्ही,भावे"
"राजेंद्र,आकलेकर"
"रोहन,टिल्लू"
"अरुण,शौरी"
"सुप्रिया,वकील"
"डॉ,विजय,अग्रवाल"
"डेल,कार्नेगी"
"डेल,कार्नेगी"
"डेव्होरा,झॅक"
"डेल,कार्नेगी"
"अॅलन,रॉजलिंग"
"डॉ,डेव्हिड,जे,श्वार्ट्झ"
"केन,जेनिंग्ज,हीथर,हाइड"
"मॉर्गन,विटझेल"
"डेल,कार्नेगी"
"स्टीफन,एम,आर,कोव्ही"
"जोना,लेहरर"
"डग्लस,अब्राम्स"
"मिनेक,शिप्पर"
"तसलिमा,नासरीन"
"सतिश,अनंत,चुरी"
